"GFA","NumBldgs","NumFlors","BuildQlty","ConClass","HeatSys","Shape","Age","ENERGYSTARScore","SourceEUI","SiteEnergy","SourceEnergy"
94900,1,2,"LOW/AVERAGE","MASONRY","WARMED AND COOLED AIR","Rect or Slight Irreg",56,57,163,6186461.5,15468700
52554,1,2,"AVERAGE","WOOD FRAME","HOT WATER-RADIANT","Rect or Slight Irreg",117,83,108.6999969,2951331.25,5712619.6370826
168115,1,5,"AVERAGE/GOOD","REINFORCED CONCRETE","COMPLETE HVAC","Rect or Slight Irreg",44,78,176.6000061,9536161,29689110.0255015
59400,1,8,"AVERAGE","REINFORCED CONCRETE","COMPLETE HVAC","Rect or Slight Irreg",107,14,398.7000122,5071974,23682780.72468
54984,1,2,"AVERAGE","WOOD FRAME","HOT WATER","Rect or Slight Irreg",55,71,139.6000061,3375211,7675766.7354024
316306,1,5,"GOOD","REINFORCED CONCRETE","COMPLETE HVAC","Rect or Slight Irreg",7,96,144,13795954,45548064
571329,1,12,"GOOD","STRUCTURAL STEEL","COMPLETE HVAC","Long Rect or Irreg",7,91,174.1999969,39605888,99525510.0288801
920598,1,6,"EXCELLENT","STRUCTURAL STEEL","COMPLETE HVAC","Very Irreg",7,93,130.8000031,36667044,120414221.253854
76213,1,4,"AVERAGE","REINFORCED CONCRETE","HEAT PUMP","Rect or Slight Irreg",47,68,192.3999939,3476212.5,14663380.7351007
99433,1,3,"GOOD/EXCELLENT","REINFORCED CONCRETE","COMPLETE HVAC","Long Rect or Irreg",14,63,241.5,4897760,24013069.5
96300,1,2,"AVERAGE/GOOD","REINFORCED CONCRETE","COMPLETE HVAC","Rect or Slight Irreg",15,NA,476.5,16319835,45886950
54765,1,1,"AVERAGE","MASONRY","SPACE HEATERS","Rect or Slight Irreg",59,NA,234.8999939,4253369.5,12864298.1659335
64015,1,3,"AVERAGE","MASONRY","SPACE HEATERS","Very Irreg",10,21,165.8000031,3242077.75,10613687.1984465
91130,1,2,"AVERAGE/GOOD","REINFORCED CONCRETE","HOT WATER","Rect or Slight Irreg",60,NA,262.7000122,9472358,23939852.111786
44558,1,3,"AVERAGE","MASONRY","SPACE HEATERS","Rect or Slight Irreg",117,78,101.3000031,1677002.25,4513725.5381298
50759,1,5,"GOOD","REINFORCED CONCRETE","COMPLETE HVAC","Rect or Slight Irreg",45,62,170.3999939,3147042,8649333.2903701
56500,1,4,"AVERAGE/GOOD","MASONRY","STEAM WITHOUT BOILER","Rect or Slight Irreg",103,98,84.5,1380293.625,4774250
77662,1,4,"AVERAGE","REINFORCED CONCRETE","WARMED AND COOLED AIR","Rect or Slight Irreg",36,57,228.8999939,5007401,17776831.3262618
234000,1,12,"AVERAGE/GOOD","STRUCTURAL STEEL","HEAT PUMP","Rect or Slight Irreg",39,39,276.6000061,18661606,64724401.4274
369996,1,25,"GOOD","STRUCTURAL STEEL","COMPLETE HVAC","Rect or Slight Irreg",28,74,202.5,24755086,74924190
791396,1,33,"AVERAGE/GOOD","REINFORCED CONCRETE","HOT & CHILLED WATER","Rect or Slight Irreg",41,89,189.5,40847752,149969542
747747,1,23,"EXCELLENT","STRUCTURAL STEEL","WARMED AND COOLED AIR","Long Rect or Irreg",17,90,164.6000061,30985420,123079160.761257
63409,1,10,"AVERAGE","REINFORCED CONCRETE","STEAM WITHOUT BOILER","Rect or Slight Irreg",91,90,131.6999969,3444270,8350965.1034321
204790,1,17,"AVERAGE","REINFORCED CONCRETE","STEAM WITHOUT BOILER","Rect or Slight Irreg",87,91,127.8000031,7739699,26172162.634849
73399,1,5,"AVERAGE","REINFORCED CONCRETE","HEAT PUMP","Rect or Slight Irreg",101,61,191.6999969,3757006,14070588.0724631
265851,1,20,"AVERAGE","STRUCTURAL STEEL","COMPLETE HVAC","Rect or Slight Irreg",48,90,146.6999969,14633233,39000340.8758619
758043,1,25,"GOOD","STRUCTURAL STEEL","COMPLETE HVAC","Very Irreg",8,95,142.3999939,27018020,107945318.575938
206000,1,12,"AVERAGE","STRUCTURAL STEEL","WARMED AND COOLED AIR","Rect or Slight Irreg",49,91,139.5,8580279,28737000
824887,1,36,"GOOD/EXCELLENT","STRUCTURAL STEEL","COMPLETE HVAC","Rect or Slight Irreg",8,97,166.8999939,39523852,137673635.268189
480840,1,16,"AVERAGE/GOOD","STRUCTURAL STEEL","COMPLETE HVAC","Rect or Slight Irreg",27,94,164.6000061,17867002,79146266.933124
89550,1,7,"GOOD","MASONRY","STEAM WITHOUT BOILER","Long Rect or Irreg",117,85,141.6000061,3903259.75,12680280.546255
89355,1,6,"AVERAGE/GOOD","MASONRY","WARMED AND COOLED AIR","Rect or Slight Irreg",117,66,145.3999939,4178233.5,12992216.4549345
388934,1,15,"GOOD","REINFORCED CONCRETE","STEAM WITHOUT BOILER","Rect or Slight Irreg",95,89,144,18576900,56006496
384302,1,22,"GOOD","REINFORCED CONCRETE","WARMED AND COOLED AIR","Rect or Slight Irreg",88,98,89.30000305,10062436,34318169.7721211
378525,1,17,"GOOD","STRUCTURAL STEEL","HEAT PUMP","Rect or Slight Irreg",59,69,240.8999939,24906132,91186670.1909975
589921,1,41,"GOOD","STRUCTURAL STEEL","HEAT PUMP","Rect or Slight Irreg",31,84,160.6999969,24603420,94800302.8712449
91091,1,6,"AVERAGE/GOOD","STRUCTURAL STEEL","WARMED AND COOLED AIR","Rect or Slight Irreg",67,NA,53.90000153,1835804.875,4909805.03936923
157941,1,8,"GOOD","REINFORCED CONCRETE","HEAT PUMP","Rect or Slight Irreg",49,81,138.5,3743228.5,21874828.5
635303,1,29,"GOOD/EXCELLENT","STRUCTURAL STEEL","COMPLETE HVAC","Rect or Slight Irreg",26,95,108.8000031,18221224,69120968.3694393
776762,1,34,"GOOD","STRUCTURAL STEEL","HEAT PUMP","Rect or Slight Irreg",37,81,168.3000031,32552428,130729047.007962
186768,1,14,"AVERAGE","REINFORCED CONCRETE","WARMED AND COOLED AIR","Rect or Slight Irreg",45,95,142.8000031,9641043,26670470.9789808
617684,1,42,"GOOD","STRUCTURAL STEEL","HOT & CHILLED WATER","Rect or Slight Irreg",44,28,361.2000122,69519808,223107468.335745
201480,1,8,"AVERAGE","REINFORCED CONCRETE","STEAM WITHOUT BOILER","Rect or Slight Irreg",110,91,123.5,8921778,24882780
310490,1,14,"GOOD","STRUCTURAL STEEL","COMPLETE HVAC","Rect or Slight Irreg",16,NA,187.5,21169502,58216875
199530,1,8,"EXCELLENT","STRUCTURAL STEEL","COMPLETE HVAC","Rect or Slight Irreg",14,69,178.1000061,13214416,35536294.217133
372242,1,13,"GOOD","STRUCTURAL STEEL","COMPLETE HVAC","Long Rect or Irreg",11,98,119.0999985,13843866,44334021.641637
114395,1,7,"AVERAGE","REINFORCED CONCRETE","HOT & CHILLED WATER","Rect or Slight Irreg",108,99,65.40000153,2746560.75,7481433.17502435
474546,1,23,"GOOD","REINFORCED CONCRETE","COMPLETE HVAC","Rect or Slight Irreg",46,77,188.3000031,28450436,89357013.2710926
135051,1,6,"GOOD","REINFORCED CONCRETE","COMPLETE HVAC","Rect or Slight Irreg",15,88,144.8999939,4426136,19568889.0761889
220649,1,5,"AVERAGE/GOOD","REINFORCED CONCRETE","COMPLETE HVAC","Rect or Slight Irreg",15,93,151.8000031,7046345.5,33494518.8840119
413715,1,18,"GOOD","REINFORCED CONCRETE","COMPLETE HVAC","Rect or Slight Irreg",37,79,218.3999939,24224888,90355353.4763385
497513,1,20,"GOOD","STRUCTURAL STEEL","COMPLETE HVAC","Rect or Slight Irreg",29,65,227.8999939,26823218,113383209.665171
543876,1,24,"AVERAGE/GOOD","STRUCTURAL STEEL","HEAT PUMP","Rect or Slight Irreg",38,79,187.3999939,25307744,101922359.082356
396626,1,6,"AVERAGE/GOOD","STRUCTURAL STEEL","WARMED AND COOLED AIR","Rect or Slight Irreg",35,64,233.3000031,20361158,92532847.0295406
287471,1,6,"GOOD","REINFORCED CONCRETE","COMPLETE HVAC","Rect or Slight Irreg",15,74,235.1000061,14913424,67584433.8535731
192630,1,3,"AVERAGE","REINFORCED CONCRETE","COMPLETE HVAC","Rect or Slight Irreg",70,94,112.4000015,5357833,21651612.288945
253103,1,8,"AVERAGE/GOOD","STRUCTURAL STEEL","COMPLETE HVAC","Rect or Slight Irreg",33,3,506.1000061,29949248,128095429.843928
50176,1,5,"AVERAGE","MASONRY","STEAM WITHOUT BOILER","Rect or Slight Irreg",117,77,143.1999969,2933288.75,7185203.0444544
304346,1,42,"AVERAGE/GOOD","REINFORCED CONCRETE","HOT & CHILLED WATER","Rect or Slight Irreg",105,72,182.6000061,23262244,55573581.4565106
321945,1,8,"AVERAGE/GOOD","STRUCTURAL STEEL","WARMED AND COOLED AIR","Rect or Slight Irreg",90,76,158,13656587,50867310
336330,1,22,"AVERAGE/GOOD","STRUCTURAL STEEL","WARMED AND COOLED AIR","Rect or Slight Irreg",53,77,182.6999969,18967014,61447489.957377
298426,1,21,"AVERAGE/GOOD","STRUCTURAL STEEL","WARMED AND COOLED AIR","Rect or Slight Irreg",57,79,202.1000061,27076922,60311896.4203986
176532,1,5,"GOOD","REINFORCED CONCRETE","COMPLETE HVAC","Rect or Slight Irreg",16,60,176.1000061,5803409,31087286.2768452
350310,1,6,"GOOD","REINFORCED CONCRETE","HOT & CHILLED WATER","Rect or Slight Irreg",101,90,154.1999969,18102026,54017800.914039
135918,1,10,"AVERAGE/GOOD","REINFORCED CONCRETE","WARMED AND COOLED AIR","Rect or Slight Irreg",59,91,111.0999985,6423556.5,15100489.596123
127268,1,4,"AVERAGE","REINFORCED CONCRETE","HOT WATER","Rect or Slight Irreg",96,71,171.5,7711757.5,21826462
5e+05,1,29,"AVERAGE/GOOD","STRUCTURAL STEEL","COMPLETE HVAC","Rect or Slight Irreg",34,93,139,18848780,69500000
109830,1,6,"EXCELLENT","STRUCTURAL STEEL","COMPLETE HVAC","Rect or Slight Irreg",33,45,275.8999939,7335905.5,30302096.330037
130513,1,10,"GOOD","REINFORCED CONCRETE","COMPLETE HVAC","Rect or Slight Irreg",107,49,204.1000061,11651200,26637704.0961293
60660,1,8,"LOW COST","REINFORCED CONCRETE","HEAT PUMP","Rect or Slight Irreg",97,NA,173.6999969,2586116,10536641.811954
137350,1,14,"AVERAGE","REINFORCED CONCRETE","STEAM WITHOUT BOILER","Rect or Slight Irreg",88,89,125.4000015,6366084.5,17223690.206025
151039,1,15,"AVERAGE","REINFORCED CONCRETE","COMPLETE HVAC","Rect or Slight Irreg",88,84,92.30000305,5446624,13940900.160669
755000,1,30,"GOOD","STRUCTURAL STEEL","COMPLETE HVAC","Rect or Slight Irreg",32,72,217.1000061,52226204,163910504.6055
63540,1,4,"AVERAGE","MASONRY","COMPLETE HVAC","Rect or Slight Irreg",111,72,154.5,3518459.5,9816930
130893,1,10,"AVERAGE","REINFORCED CONCRETE","HOT WATER","Rect or Slight Irreg",90,80,179.6000061,6962073,23508383.5984473
794592,1,36,"GOOD","STRUCTURAL STEEL","WARMED AND COOLED AIR","Rect or Slight Irreg",37,96,108.6999969,26689658,86372147.9367648
456304,1,21,"GOOD","STRUCTURAL STEEL","HEAT PUMP","Rect or Slight Irreg",46,74,177.6000061,19397324,81039593.1834544
115857,1,12,"GOOD/EXCELLENT","STRUCTURAL STEEL","COMPLETE HVAC","Rect or Slight Irreg",31,89,141.8000031,4757299.5,16428522.9591567
87500,1,4,"GOOD","REINFORCED CONCRETE","COMPLETE HVAC","Very Irreg",18,72,199.1000061,4549892,17421250.53375
374405,1,11,"GOOD/EXCELLENT","REINFORCED CONCRETE","COMPLETE HVAC","Very Irreg",19,72,217.1000061,13329024,81283327.7838705
102846,1,11,"GOOD","REINFORCED CONCRETE","STEAM WITHOUT BOILER","Rect or Slight Irreg",94,96,98.5,5327249.5,10130331
52800,1,4,"AVERAGE","REINFORCED CONCRETE","WARMED AND COOLED AIR","Rect or Slight Irreg",92,83,123.0999985,2429021,6499679.9208
275734,1,5,"AVERAGE/GOOD","REINFORCED CONCRETE","COMPLETE HVAC","Rect or Slight Irreg",36,77,225,16373232,62040150
158600,1,3,"GOOD/EXCELLENT","REINFORCED CONCRETE","COMPLETE HVAC","Long Rect or Irreg",55,19,360.3999939,18309150,57159439.03254
139200,1,7,"GOOD","REINFORCED CONCRETE","COMPLETE HVAC","Long Rect or Irreg",16,81,166.1000061,4342597,23121120.84912
95721,1,6,"AVERAGE","REINFORCED CONCRETE","HEAT PUMP","Rect or Slight Irreg",33,95,100.5,3063504.5,9619960.5
103697,1,3,"GOOD","STRUCTURAL STEEL","WARMED AND COOLED AIR","Very Irreg",16,7,350.2999878,11319836,36325057.8348966
74880,1,5,"AVERAGE","REINFORCED CONCRETE","WARMED AND COOLED AIR","Rect or Slight Irreg",43,56,224.6999969,5134607.5,16825535.767872
88774,1,6,"AVERAGE","REINFORCED CONCRETE","COMPLETE HVAC","Rect or Slight Irreg",38,53,221.8000031,6029121.5,19690073.4751994
122250,1,5,"AVERAGE/GOOD","REINFORCED CONCRETE","WARMED AND COOLED AIR","Rect or Slight Irreg",34,93,136.3999939,5535626,16674899.254275
53730,1,4,"GOOD","REINFORCED CONCRETE","WARMED AND COOLED AIR","Rect or Slight Irreg",38,20,277.2000122,4742869,14893956.655506
55593,1,3,"AVERAGE","REINFORCED CONCRETE","PACKAGE UNIT","Rect or Slight Irreg",57,55,186.6999969,4224872.5,10379212.9276617
134056,1,4,"AVERAGE","REINFORCED CONCRETE","HEAT PUMP","Rect or Slight Irreg",35,54,204.6000061,4695139,27427858.4177416
287819,1,8,"AVERAGE","REINFORCED CONCRETE","FORCED AIR UNIT","Rect or Slight Irreg",88,NA,550.7000122,48406556,158501926.811392
184482,1,5,"GOOD","REINFORCED CONCRETE","COMPLETE HVAC","Very Irreg",8,95,148.5,5671256,27395577
139282,1,6,"AVERAGE","REINFORCED CONCRETE","COMPLETE HVAC","Rect or Slight Irreg",13,96,117.3000031,3238216,16337779.0317742
271071,1,5,"GOOD","REINFORCED CONCRETE","COMPLETE HVAC","Long Rect or Irreg",8,96,131.5,7851334.5,35645836.5
560516,1,5,"GOOD/EXCELLENT","REINFORCED CONCRETE","COMPLETE HVAC","Very Irreg",15,71,202.1999969,30083496,113336333.4624
226592,1,6,"GOOD/EXCELLENT","STRUCTURAL STEEL","COMPLETE HVAC","Rect or Slight Irreg",16,49,281.6000061,11963428,63808308.5822112
209816,1,4,"GOOD","REINFORCED CONCRETE","COMPLETE HVAC","Very Irreg",11,97,135.1999969,6917478.5,28367122.5495704
303103,1,6,"GOOD","REINFORCED CONCRETE","COMPLETE HVAC","Long Rect or Irreg",11,97,123.6999969,7519466.5,37493840.1603807
88062,1,5,"AVERAGE","REINFORCED CONCRETE","WARMED AND COOLED AIR","Rect or Slight Irreg",43,80,165.6000061,3415561.25,14583067.7371782
87178,1,5,"AVERAGE","REINFORCED CONCRETE","HEAT PUMP","Rect or Slight Irreg",45,69,171.1000061,3632613.75,14916156.3317858
87178,1,5,"AVERAGE","REINFORCED CONCRETE","HEAT PUMP","Rect or Slight Irreg",47,86,164.3000031,3493093.75,14323345.6702518
86995,1,4,"AVERAGE","REINFORCED CONCRETE","HEAT PUMP","Rect or Slight Irreg",32,81,161.3999939,2991674.75,14040992.4693305
88000,1,5,"AVERAGE","REINFORCED CONCRETE","HEAT PUMP","Rect or Slight Irreg",46,75,157,3484915.5,13816000
124071,1,3,"AVERAGE/GOOD","REINFORCED CONCRETE","HEAT PUMP","Rect or Slight Irreg",29,73,162.3999939,4991360.5,20149129.6431669
90000,1,4,"AVERAGE","REINFORCED CONCRETE","PACKAGE UNIT","Very Irreg",17,84,136,3897738,12240000
96041,1,3,"AVERAGE","REINFORCED CONCRETE","COMPLETE HVAC","Rect or Slight Irreg",16,70,273.1000061,5413418,26228797.6858501
280957,1,3,"GOOD","REINFORCED CONCRETE","COMPLETE HVAC","Long Rect or Irreg",18,96,211.3000031,11325513,59366214.9709667
243334,1,4,"AVERAGE/GOOD","REINFORCED CONCRETE","COMPLETE HVAC","Long Rect or Irreg",18,89,187.3999939,8651835,45600790.1156626
390295,1,5,"GOOD","REINFORCED CONCRETE","WARMED AND COOLED AIR","Rect or Slight Irreg",35,95,99.30000305,7683885,38756294.6903998
94033,1,6,"AVERAGE","MASONRY","HOT WATER","Rect or Slight Irreg",92,NA,130.8999939,4758198,12308919.1263987
181694,1,10,"GOOD","STRUCTURAL STEEL","COMPLETE HVAC","Long Rect or Irreg",15,88,156.8000031,7637986,28489619.7632514
53250,1,1,"AVERAGE","MASONRY","COMPLETE HVAC","Rect or Slight Irreg",53,96,77.19999695,1794187.25,4110899.8375875
78672,1,6,"AVERAGE","REINFORCED CONCRETE","REFRIGERATED COOLING","Rect or Slight Irreg",30,98,79.30000305,2179719.75,6238689.8399496
336700,1,6,"EXCELLENT","STRUCTURAL STEEL","COMPLETE HVAC","Rect or Slight Irreg",12,95,113.5,9058916,38215450
62220,1,2,"GOOD","MASONRY","PACKAGE UNIT","Rect or Slight Irreg",103,32,275.2999878,5444253.5,17129165.240916
65430,1,1,"AVERAGE","MASONRY","SPACE HEATERS","Rect or Slight Irreg",47,89,100.3000031,3181045.5,6562629.202833
102290,1,3,"AVERAGE/GOOD","REINFORCED CONCRETE","COMPLETE HVAC","Rect or Slight Irreg",11,26,223.6999969,6062770.5,22882272.682901
85385,1,4,"LOW/AVERAGE","MASONRY","WARMED AND COOLED AIR","Rect or Slight Irreg",39,NA,287,4855036.5,24505495
144573,1,5,"AVERAGE","REINFORCED CONCRETE","WARMED AND COOLED AIR","Rect or Slight Irreg",27,62,205.3000031,5135040,29680837.3481763
86400,1,5,"AVERAGE/GOOD","REINFORCED CONCRETE","WARMED AND COOLED AIR","Rect or Slight Irreg",43,53,231.1999969,9080022,19975679.73216
86483,1,6,"AVERAGE/GOOD","REINFORCED CONCRETE","WARMED AND COOLED AIR","Rect or Slight Irreg",36,56,231,6361236.5,19977573
154029,1,5,"AVERAGE/GOOD","REINFORCED CONCRETE","COMPLETE HVAC","Rect or Slight Irreg",31,95,145.6999969,4636396.5,22442024.8225101
175885,1,4,"AVERAGE","REINFORCED CONCRETE","COMPLETE HVAC","Very Irreg",17,91,195.8999939,6486377.5,34455870.4271015
53620,1,1,"AVERAGE","MASONRY","SPACE HEATERS","Rect or Slight Irreg",69,86,114,2058955.25,6112680
50008,1,1,"AVERAGE/GOOD","MASONRY","FORCED AIR UNIT","Rect or Slight Irreg",79,62,162.1000061,3202213,8106297.1050488
124721,1,11,"GOOD","REINFORCED CONCRETE","WARMED AND COOLED AIR","Rect or Slight Irreg",46,58,252.1999969,13898181,31454635.8133649
94002,1,7,"AVERAGE","REINFORCED CONCRETE","WARMED AND COOLED AIR","Rect or Slight Irreg",47,70,189.3000031,5662234,17794578.8914062
78920,1,5,"EXCELLENT","MASONRY","COMPLETE HVAC","Rect or Slight Irreg",113,88,113.0999985,2830674.75,8925851.88162
99440,1,7,"AVERAGE","MASONRY","WARMED AND COOLED AIR","Rect or Slight Irreg",111,64,188.1000061,6606832.5,18704664.606584
73260,1,6,"GOOD","MASONRY","WARMED AND COOLED AIR","Rect or Slight Irreg",110,82,140.3000031,2853189.5,10278378.227106
69817,1,4,"AVERAGE/GOOD","MASONRY","STEAM WITHOUT BOILER","Rect or Slight Irreg",117,87,82.5,2178074.5,5759902.5
84750,1,4,"AVERAGE/GOOD","MASONRY","STEAM WITHOUT BOILER","Rect or Slight Irreg",117,NA,86.09999847,2094724.625,7296974.8703325
75496,1,6,"AVERAGE","MASONRY","STEAM WITHOUT BOILER","Rect or Slight Irreg",117,NA,186.1000061,3570161.75,14049806.0605256
164380,1,4,"AVERAGE","MASONRY","WARMED AND COOLED AIR","Rect or Slight Irreg",117,79,145.8000031,7655751,23966604.509578
160580,1,7,"AVERAGE","REINFORCED CONCRETE","HEAT PUMP","Rect or Slight Irreg",110,98,67.90000153,4336187.5,10903382.2456874
73470,1,6,"AVERAGE","REINFORCED CONCRETE","HEAT PUMP","Rect or Slight Irreg",108,83,152.6000061,3212269,11211522.448167
129000,1,4,"AVERAGE/GOOD","MASONRY","COMPLETE HVAC","Rect or Slight Irreg",117,80,131,4374646,16899000
58970,1,4,"AVERAGE","MASONRY","HOT WATER","Rect or Slight Irreg",113,NA,73.09999847,1776411.75,4310706.9097759
66842,1,4,"EXCELLENT","MASONRY","COMPLETE HVAC","Rect or Slight Irreg",113,31,244.5,5608600.5,16342869
75288,1,6,"GOOD","MASONRY","PACKAGE UNIT","Rect or Slight Irreg",108,81,138.6000061,2891605,10434917.2592568
184322,1,7,"GOOD","MASONRY","WARMED AND COOLED AIR","Rect or Slight Irreg",113,81,165.6000061,9722890,30523724.3243642
287853,1,7,"GOOD","REINFORCED CONCRETE","COMPLETE HVAC","Very Irreg",8,43,280.2000122,25567108,80656414.1118066
64512,1,2,"AVERAGE","MASONRY","HOT WATER","Rect or Slight Irreg",103,53,197.3999939,5968153.5,12734668.4064768
60592,1,3,"AVERAGE","REINFORCED CONCRETE","COMPLETE HVAC","Rect or Slight Irreg",87,16,253.5,5049446.5,15360072
91706,1,6,"AVERAGE/GOOD","REINFORCED CONCRETE","COMPLETE HVAC","Rect or Slight Irreg",16,2,472.1000061,8570571,43294403.1594066
138106,1,5,"AVERAGE","REINFORCED CONCRETE","WARMED AND COOLED AIR","Rect or Slight Irreg",26,41,221,8381834.5,30521426
312512,1,11,"GOOD","REINFORCED CONCRETE","COMPLETE HVAC","Long Rect or Irreg",17,NA,257.7999878,25747022,80565589.7873536
97720,1,6,"AVERAGE","REINFORCED CONCRETE","COMPLETE HVAC","Rect or Slight Irreg",91,NA,105.6999969,2478025.25,10329003.697068
205521,1,6,"AVERAGE","MASONRY","FORCED AIR UNIT","Rect or Slight Irreg",117,94,124.6999969,8138616.5,25628468.0628849
56700,1,6,"AVERAGE","MASONRY","WARMED AND COOLED AIR","Rect or Slight Irreg",117,55,170.3999939,3065954.5,9661679.65413
72000,1,4,"AVERAGE","REINFORCED CONCRETE","STEAM","Rect or Slight Irreg",92,89,116.1999969,2729167.75,8366399.7768
191146,1,4,"GOOD","REINFORCED CONCRETE","PACKAGE UNIT","Rect or Slight Irreg",17,93,155.5,5101504.5,29723203
362046,1,14,"GOOD","STRUCTURAL STEEL","COMPLETE HVAC","Rect or Slight Irreg",9,86,207.8000031,15725581,75233159.9223426
538933,1,23,"GOOD/EXCELLENT","REINFORCED CONCRETE","COMPLETE HVAC","Long Rect or Irreg",16,90,137.1999969,16020642,73941605.9293077
98668,1,5,"GOOD","REINFORCED CONCRETE","PACKAGE UNIT","Very Irreg",35,91,139.6999969,4391348,13783919.2941292
158931,1,1,"GOOD","STRUCTURAL STEEL","ELECTRIC","Very Irreg",10,12,199.3000031,8751704,31674948.7926861
105100,1,1,"LOW/AVERAGE","MASONRY","WARMED AND COOLED AIR","Rect or Slight Irreg",39,1,571.7000122,22078064,60085671.28222
61929,1,2,"AVERAGE","MASONRY","FORCED AIR UNIT","Rect or Slight Irreg",80,59,127.5999985,2203026.5,7902140.3071065
20565,1,3,"GOOD","REINFORCED CONCRETE","HEAT PUMP","Rect or Slight Irreg",92,65,122.5,802312.5,2519212.5
159937,1,5,"GOOD/EXCELLENT","REINFORCED CONCRETE","COMPLETE HVAC","Very Irreg",17,63,231.8000031,7857972.5,37073397.0958047
183964,1,5,"GOOD","STRUCTURAL STEEL","COMPLETE HVAC","Rect or Slight Irreg",9,56,340,14856199,62547760
208210,1,5,"GOOD","STRUCTURAL STEEL","HOT & CHILLED WATER","Rect or Slight Irreg",31,95,125.1999969,5514308.5,26067891.354549
277486,1,7,"AVERAGE/GOOD","STRUCTURAL STEEL","COMPLETE HVAC","Rect or Slight Irreg",31,63,206.8000031,12729858,57384105.6602066
187130,1,3,"GOOD/EXCELLENT","REINFORCED CONCRETE","FORCED AIR UNIT","Rect or Slight Irreg",24,77,165.1000061,10053489,30895164.141493
251044,1,5,"GOOD","STRUCTURAL STEEL","COMPLETE HVAC","Long Rect or Irreg",17,99,388.3999939,17186624,97505488.0686316
167860,1,6,"AVERAGE","MASONRY","STEAM","Rect or Slight Irreg",112,70,163.1999969,6797647,27394751.479634
112560,1,6,"AVERAGE","REINFORCED CONCRETE","STEAM WITHOUT BOILER","Rect or Slight Irreg",107,86,131.3000031,4946798.5,14779128.348936
112896,1,2,"AVERAGE","REINFORCED CONCRETE","FORCED AIR UNIT","Rect or Slight Irreg",66,66,256.6000061,10287986,28969114.2886656
92092,1,4,"AVERAGE","MASONRY","COMPLETE HVAC","Rect or Slight Irreg",16,5,215.8999939,4817062,19882662.2382388
202623,1,4,"GOOD","REINFORCED CONCRETE","COMPLETE HVAC","Long Rect or Irreg",9,73,249.6999969,8873485,50594962.4718687
77174,1,2,"AVERAGE","REINFORCED CONCRETE","COMPLETE HVAC","Rect or Slight Irreg",17,33,223,5481549,17209802
110524,1,5,"GOOD/EXCELLENT","REINFORCED CONCRETE","COMPLETE HVAC","Very Irreg",19,57,200.5,6859198,22160062
241875,1,7,"GOOD","REINFORCED CONCRETE","COMPLETE HVAC","Long Rect or Irreg",17,88,164.5,8655604,39788437.5
102930,1,5,"AVERAGE","REINFORCED CONCRETE","PACKAGE UNIT","Approx Square",43,85,151.1999969,4750799,15563015.680917
76893,1,3,"GOOD","WOOD FRAME","PACKAGE UNIT","Long Rect or Irreg",115,NA,280.5,12029600,21568486.5
150000,1,8,"AVERAGE/GOOD","REINFORCED CONCRETE","WARMED AND COOLED AIR","Rect or Slight Irreg",42,65,212.1000061,9343428,31815000.915
274362,1,7,"GOOD","REINFORCED CONCRETE","HOT & CHILLED WATER","Rect or Slight Irreg",64,82,183.8999939,16540550,50455170.1263918
378002,1,15,"AVERAGE/GOOD","STRUCTURAL STEEL","HEAT PUMP","Rect or Slight Irreg",34,85,185.6000061,17750994,70157173.5058122
169020,1,11,"AVERAGE","STRUCTURAL STEEL","WARMED AND COOLED AIR","Rect or Slight Irreg",54,83,157.5,11480494,26620650
383515,1,19,"GOOD","STRUCTURAL STEEL","COMPLETE HVAC","Rect or Slight Irreg",36,90,150.5,15878689,57719007.5
131143,1,7,"GOOD","REINFORCED CONCRETE","COMPLETE HVAC","Rect or Slight Irreg",38,93,128,5177270.5,16786304
51218,1,6,"AVERAGE/GOOD","MASONRY","WARMED AND COOLED AIR","Rect or Slight Irreg",108,57,174.3999939,2886141.5,8932418.8875702
489182,1,29,"AVERAGE/GOOD","STRUCTURAL STEEL","WARMED AND COOLED AIR","Rect or Slight Irreg",47,43,274.5,36378588,134280459
216571,1,27,"GOOD","REINFORCED CONCRETE","WARMED AND COOLED AIR","Rect or Slight Irreg",88,62,192.6999969,16246106,41733231.0286299
189175,1,13,"AVERAGE","REINFORCED CONCRETE","WARMED AND COOLED AIR","Rect or Slight Irreg",96,13,363.6000061,19036416,68784031.1539675
293803,1,13,"GOOD","STRUCTURAL STEEL","WARMED AND COOLED AIR","Rect or Slight Irreg",19,25,368.5,17074142,108266405.5
122356,1,7,"AVERAGE","REINFORCED CONCRETE","HEAT PUMP","Rect or Slight Irreg",107,91,125,4585070.5,15294500
52298,1,3,"AVERAGE","REINFORCED CONCRETE","HEAT PUMP","Rect or Slight Irreg",96,89,123,1968655.125,6432654
116640,1,17,"GOOD","REINFORCED CONCRETE","HEAT PUMP","Rect or Slight Irreg",106,75,185.8999939,6758565.5,21683375.288496
227556,1,22,"AVERAGE","STRUCTURAL STEEL","WARMED AND COOLED AIR","Rect or Slight Irreg",47,95,117.1999969,8493420,26669562.4945764
95000,1,6,"GOOD","REINFORCED CONCRETE","WARMED AND COOLED AIR","Rect or Slight Irreg",107,83,148.8999939,4052720,14145499.4205
224857,1,9,"AVERAGE","REINFORCED CONCRETE","COMPLETE HVAC","Rect or Slight Irreg",46,79,195.6999969,15272491,44004514.2029433
446261,1,8,"GOOD","REINFORCED CONCRETE","COMPLETE HVAC","Long Rect or Irreg",19,96,124.0999985,13568148,55380989.4306085
62370,1,6,"AVERAGE/GOOD","MASONRY","COMPLETE HVAC","Rect or Slight Irreg",110,30,228.3000031,4353025,14239071.193347
93610,1,1,"AVERAGE","MASONRY","SPACE HEATERS","Rect or Slight Irreg",67,95,144,6235947,13479840
156188,1,2,"GOOD","REINFORCED CONCRETE","WARMED AND COOLED AIR","Rect or Slight Irreg",44,67,147.1999969,6843855,22990873.1158172
238148,1,5,"GOOD","REINFORCED CONCRETE","COMPLETE HVAC","Rect or Slight Irreg",42,93,138,10775646,32864424
242686,1,4,"GOOD","REINFORCED CONCRETE","COMPLETE HVAC","Rect or Slight Irreg",9,77,204,9683979,49507944
95760,1,6,"AVERAGE","MASONRY","COMPLETE HVAC","Rect or Slight Irreg",117,83,159.3999939,5392617.5,15264143.415864
381511,1,10,"GOOD","STRUCTURAL STEEL","WARMED AND COOLED AIR","Rect or Slight Irreg",23,87,157.3999939,11410228,60049829.0727829
413264,1,17,"GOOD","STRUCTURAL STEEL","COMPLETE HVAC","Very Irreg",8,91,144.8000031,13631141,59840628.4811184
38460,1,3,"AVERAGE","MASONRY","HOT WATER","Rect or Slight Irreg",107,69,132.8000031,1950713.25,5107488.119226
43500,1,3,"LOW/AVERAGE","MASONRY","HOT WATER","Rect or Slight Irreg",38,46,232.3000031,3220635.25,10105050.13485
28492,1,2,"GOOD","REINFORCED CONCRETE","HEAT PUMP","Rect or Slight Irreg",39,12,169.8999939,1896298.875,4840790.6261988
22325,1,3,"AVERAGE","MASONRY","SPACE HEATERS","Rect or Slight Irreg",54,NA,197.1000061,1401315.875,4400257.6361825
21600,1,2,"AVERAGE","MASONRY","FORCED AIR UNIT","Rect or Slight Irreg",100,NA,199.6999969,1636649.125,4313519.93304
61825,1,5,"AVERAGE","REINFORCED CONCRETE","HEAT PUMP","Rect or Slight Irreg",43,59,205.6999969,4322873,12717402.3083425
64630,1,3,"AVERAGE","MASONRY","HOT WATER","Rect or Slight Irreg",75,96,68.40000153,1408291.375,4420692.0988839
20028,1,2,"AVERAGE","MASONRY","STEAM WITHOUT BOILER","Rect or Slight Irreg",88,95,65.59999847,511797.4063,1313836.76935716
23622,1,7,"AVERAGE","MASONRY","STEAM WITHOUT BOILER","Rect or Slight Irreg",117,100,51.20000076,552007.5,1209446.41795272
23563,1,3,"AVERAGE","MASONRY","STEAM WITHOUT BOILER","Rect or Slight Irreg",115,67,117.6999969,883197.6875,2773365.0269547
26840,1,5,"AVERAGE/GOOD","REINFORCED CONCRETE","WARMED AND COOLED AIR","Rect or Slight Irreg",111,24,215.1000061,1989287,5773284.163724
63990,1,3,"EXCELLENT","STRUCTURAL STEEL","HEAT PUMP","Rect or Slight Irreg",38,51,166.1999969,2067352.5,10635137.801631
28800,1,3,"LOW COST","WOOD FRAME","SPACE HEATERS","Rect or Slight Irreg",109,50,95.5,1345025.75,2750400
33552,1,3,"AVERAGE","REINFORCED CONCRETE","WARMED AND COOLED AIR","Rect or Slight Irreg",63,75,117.8000031,1696978.75,3952425.7040112
57620,1,3,"AVERAGE","REINFORCED CONCRETE","HEAT PUMP","Rect or Slight Irreg",91,50,150.3999939,2385395,8666047.648518
44098,1,2,"AVERAGE","REINFORCED CONCRETE","COMPLETE HVAC","Rect or Slight Irreg",92,53,141,1441900.5,6217818
23752,1,1,"AVERAGE","MASONRY","HEAT PUMP","Rect or Slight Irreg",52,NA,97.40000153,1067153.75,2313444.83634056
20384,1,2,"AVERAGE","WOOD FRAME","HEAT PUMP","Rect or Slight Irreg",28,16,222.1999969,1791071.375,4529324.7368096
43506,1,5,"GOOD","REINFORCED CONCRETE","WARMED AND COOLED AIR","Rect or Slight Irreg",39,51,229.3000031,3460275.5,9975925.9348686
84116,1,2,"AVERAGE","WOOD FRAME","HOT WATER","Rect or Slight Irreg",5,68,149.3999939,2641681.75,12566929.8868924
39960,1,5,"AVERAGE","MASONRY","COMPLETE HVAC","Rect or Slight Irreg",117,77,131.8000031,2178690.5,5266728.123876
43387,1,3,"AVERAGE","WOOD FRAME","HEAT PUMP","Rect or Slight Irreg",36,60,172,2686765,7462564
29740,1,1,"AVERAGE","MASONRY","SPACE HEATERS","Rect or Slight Irreg",56,57,139,1467060.25,4133860
38075,1,3,"GOOD/EXCELLENT","STRUCTURAL STEEL","COMPLETE HVAC","Rect or Slight Irreg",8,NA,151.8000031,1921801.25,5779785.1180325
39170,1,2,"AVERAGE","REINFORCED CONCRETE","WARMED AND COOLED AIR","Rect or Slight Irreg",47,81,126.9000015,2130673.75,4970673.058755
28546,1,4,"AVERAGE","WOOD FRAME","HOT WATER","Rect or Slight Irreg",100,99,30.29999924,623107.6875,864943.77830504
21183,1,2,"AVERAGE","MASONRY","ELECTRIC","Rect or Slight Irreg",60,99,81.40000153,361542.0938,1724296.23240999
29392,1,3,"AVERAGE/GOOD","MASONRY","HOT WATER","Rect or Slight Irreg",56,91,79.30000305,755618.1875,2330785.6896456
137738,1,5,"AVERAGE","REINFORCED CONCRETE","HEAT PUMP","Rect or Slight Irreg",32,62,179.6999969,4704936.5,24751518.1730122
206126,1,5,"GOOD/EXCELLENT","REINFORCED CONCRETE","COMPLETE HVAC","Rect or Slight Irreg",4,98,110.5999985,4489661,22797535.290811
20500,1,2,"LOW/AVERAGE","WOOD FRAME","SPACE HEATERS","Rect or Slight Irreg",117,48,198.6999969,1326178.125,4073349.93645
20678,1,1,"AVERAGE","MASONRY","HOT WATER","Rect or Slight Irreg",57,98,51.29999924,770333,1060781.38428472
40029,1,2,"AVERAGE","MASONRY","WARMED AND COOLED AIR","Rect or Slight Irreg",35,69,115.5,1471914.25,4623349.5
28304,1,2,"LOW COST","WOOD FRAME","WARMED AND COOLED AIR","Rect or Slight Irreg",47,67,146.6000061,1269367.5,4149366.5726544
25872,1,2,"LOW COST","WOOD FRAME","WARMED AND COOLED AIR","Rect or Slight Irreg",48,NA,158.5,1787119,4100712
25872,1,2,"LOW COST","WOOD FRAME","WARMED AND COOLED AIR","Rect or Slight Irreg",48,41,183.1999969,2399353.5,4739750.3197968
21436,1,2,"AVERAGE","WOOD FRAME","FORCED AIR UNIT","Rect or Slight Irreg",59,95,78.30000305,534703.6875,1678438.8653798
39926,1,4,"GOOD","WOOD FRAME","FORCED AIR UNIT","Rect or Slight Irreg",11,NA,103.0999985,1010967.688,4116370.540111
31417,1,3,"GOOD","REINFORCED CONCRETE","WARMED AND COOLED AIR","Rect or Slight Irreg",32,94,99.59999847,1126157.25,3129133.15193199
25920,1,2,"AVERAGE","MASONRY","HOT WATER","Rect or Slight Irreg",98,75,170.6000061,1793851.375,4421952.158112
39760,1,4,"AVERAGE/GOOD","WOOD FRAME","HOT WATER","Long Rect or Irreg",92,92,99.09999847,2478960,3940215.9391672
22667,1,3,"AVERAGE","WOOD FRAME","COMPLETE HVAC","Rect or Slight Irreg",71,1,367.3999939,3767135,8327855.6617313
33740,1,5,"AVERAGE","REINFORCED CONCRETE","COMPLETE HVAC","Rect or Slight Irreg",16,79,164.3999939,1291405.25,5546855.794186
22388,1,2,"AVERAGE","MASONRY","HEAT PUMP","Rect or Slight Irreg",36,NA,69.80000305,576405.125,1562682.4682834
35600,1,2,"AVERAGE","REINFORCED CONCRETE","HEAT PUMP","Rect or Slight Irreg",31,47,181.3000031,2173143.75,6454280.11036
23600,1,2,"AVERAGE","WOOD FRAME","COMPLETE HVAC","Rect or Slight Irreg",36,82,103.3000031,776248.6875,2437880.07316
40067,1,3,"AVERAGE/GOOD","REINFORCED CONCRETE","HEAT PUMP","Rect or Slight Irreg",31,43,180.5,2303732.75,7232093.5
26419,1,3,"AVERAGE/GOOD","REINFORCED CONCRETE","HEAT PUMP","Rect or Slight Irreg",28,67,127.8000031,1074989,3376348.2818989
25262,1,3,"AVERAGE/GOOD","REINFORCED CONCRETE","WARMED AND COOLED AIR","Rect or Slight Irreg",38,54,158.3000031,1469556.25,3998974.6783122
34106,1,3,"AVERAGE","REINFORCED CONCRETE","HEAT PUMP","Rect or Slight Irreg",37,57,155.3000031,1619177.125,5296661.9057286
34545,1,3,"AVERAGE","REINFORCED CONCRETE","HEAT PUMP","Rect or Slight Irreg",37,29,210.3000031,2313978.75,7264813.6070895
70296,1,3,"AVERAGE/GOOD","REINFORCED CONCRETE","HEAT PUMP","Rect or Slight Irreg",37,86,124.3000031,2782066.5,8737793.0179176
27838,1,4,"AVERAGE","MASONRY","STEAM WITHOUT BOILER","Rect or Slight Irreg",115,77,137.3000031,1217509.125,3822157.4862978
39815,1,2,"AVERAGE","MASONRY","HEAT PUMP","Rect or Slight Irreg",66,62,132.1999969,2050600.75,5263542.8765735
42793,1,2,"AVERAGE","REINFORCED CONCRETE","FORCED AIR UNIT","Rect or Slight Irreg",16,27,211.8000031,1772188.5,9063557.5326583
38148,1,3,"AVERAGE","MASONRY","WARMED AND COOLED AIR","Rect or Slight Irreg",99,98,78.69999695,1262255.75,3002247.4836486
85963,1,5,"AVERAGE","STRUCTURAL STEEL","HEAT PUMP","Rect or Slight Irreg",32,43,265.8999939,4480961,22857561.1756257
35200,1,6,"AVERAGE","MASONRY","COMPLETE HVAC","Rect or Slight Irreg",110,8,267.5,2998208.25,9416000
35840,1,5,"AVERAGE","REINFORCED CONCRETE","HOT WATER","Rect or Slight Irreg",110,83,87.30000305,1538750.625,3128832.109312
30525,1,4,"GOOD","REINFORCED CONCRETE","HOT WATER","Rect or Slight Irreg",89,17,349,2883139,10653225
73549,1,3,"AVERAGE","MASONRY","FORCED AIR UNIT","Rect or Slight Irreg",107,90,66.69999695,2828950.5,4905718.07567555
27744,1,1,"GOOD","MASONRY","HEAT PUMP","Rect or Slight Irreg",24,NA,606.2000122,5355753,16818413.1384768
28380,1,3,"AVERAGE","REINFORCED CONCRETE","HOT WATER","Rect or Slight Irreg",97,62,110,1372213.375,3121800
508160,1,5,"GOOD","REINFORCED CONCRETE","COMPLETE HVAC","Rect or Slight Irreg",8,77,219.1000061,28053172,111337859.099776
26176,1,3,"GOOD","MASONRY","WARMED AND COOLED AIR","Rect or Slight Irreg",91,95,79.59999847,966907.375,2083609.55995072
37740,1,1,"AVERAGE","MASONRY","FORCED AIR UNIT","Rect or Slight Irreg",91,1,597.4000244,7442314.5,22545876.920856
38038,1,4,"GOOD","REINFORCED CONCRETE","HEAT PUMP","Long Rect or Irreg",18,84,165.3999939,2003807.75,6291484.9679682
64596,1,4,"EXCELLENT","STRUCTURAL STEEL","FORCED AIR UNIT","Very Irreg",10,92,125,2524228.25,8074500
41466,1,3,"AVERAGE/GOOD","MASONRY","COMPLETE HVAC","Rect or Slight Irreg",89,1,523.7000122,9190442,21715744.7058852
130710,1,6,"GOOD","REINFORCED CONCRETE","COMPLETE HVAC","Long Rect or Irreg",4,92,166.3000031,7429423,21737073.405201
35780,1,4,"AVERAGE","REINFORCED CONCRETE","COMPLETE HVAC","Rect or Slight Irreg",91,77,196.6000061,1912760.75,7034348.218258
47686,1,4,"AVERAGE","REINFORCED CONCRETE","WARMED AND COOLED AIR","Rect or Slight Irreg",98,72,140.1999969,2071670.25,6685577.0521734
40715,1,6,"AVERAGE","REINFORCED CONCRETE","STEAM WITHOUT BOILER","Rect or Slight Irreg",102,NA,190.1000061,2827772.75,7739921.7483615
36160,1,4,"AVERAGE","MASONRY","HOT WATER","Rect or Slight Irreg",107,47,161.6999969,1862176.875,5847071.887904
66900,1,5,"AVERAGE","MASONRY","COMPLETE HVAC","Rect or Slight Irreg",108,100,73.59999847,1634178.25,4923839.897643
50499,1,3,"GOOD","MASONRY","PACKAGE UNIT","Very Irreg",17,13,272.2000122,3205182.5,13745828.4160878
54465,1,5,"GOOD","STRUCTURAL STEEL","HEAT PUMP","Rect or Slight Irreg",53,68,182.3999939,3600571.25,9934415.6677635
21128,1,2,"AVERAGE","REINFORCED CONCRETE","WARMED AND COOLED AIR","Rect or Slight Irreg",58,97,64.90000153,436604.0938,1371207.23232584
51552,1,3,"GOOD","REINFORCED CONCRETE","COMPLETE HVAC","Rect or Slight Irreg",4,NA,88.19999695,1539066.375,4546886.2427664
45864,1,3,"AVERAGE","REINFORCED CONCRETE","HOT WATER","Rect or Slight Irreg",87,94,81.19999695,2590622,3724156.6601148
33176,1,3,"AVERAGE","WOOD FRAME","HEAT PUMP","Rect or Slight Irreg",30,89,99.5,1426279.5,3301012
41262,1,2,"AVERAGE","MASONRY","HEAT PUMP","Rect or Slight Irreg",35,84,146.6999969,1903455.875,6053135.2720878
43183,1,2,"AVERAGE/GOOD","REINFORCED CONCRETE","HEAT PUMP","Rect or Slight Irreg",64,NA,562.4000244,7408342,24286120.2536652
24000,1,2,"LOW COST","WOOD FRAME","WARMED AND COOLED AIR","Rect or Slight Irreg",50,73,142.3999939,1088556.25,3417599.8536
39927,1,3,"AVERAGE","REINFORCED CONCRETE","WARMED AND COOLED AIR","Rect or Slight Irreg",43,38,283.3999939,3568419.5,11315311.5564453
23910,1,3,"AVERAGE","MASONRY","REFRIGERATED COOLING","Rect or Slight Irreg",90,NA,97.59999847,873577.3125,2333615.9634177
25500,1,1,"AVERAGE","MASONRY","WARMED AND COOLED AIR","Rect or Slight Irreg",50,98,66.30000305,1213869.75,1690650.077775
26389,1,3,"AVERAGE","REINFORCED CONCRETE","COMPLETE HVAC","Rect or Slight Irreg",25,NA,143.6999969,1208035.375,3792099.2181941
25859,1,3,"AVERAGE","WOOD FRAME","HEAT PUMP","Rect or Slight Irreg",35,88,88.69999695,858780.625,2293693.22113005
41784,1,4,"AVERAGE/GOOD","STRUCTURAL STEEL","COMPLETE HVAC","Rect or Slight Irreg",9,89,121.8000031,1294615.25,5089291.3295304
20022,1,2,"AVERAGE","MASONRY","WARMED AND COOLED AIR","Rect or Slight Irreg",56,80,99.30000305,657385.8125,1988184.6610671
30152,1,4,"AVERAGE","WOOD FRAME","FORCED AIR UNIT","Rect or Slight Irreg",10,96,105.3000031,845044.125,3175005.6934712
22365,1,4,"AVERAGE","WOOD FRAME","WARMED AND COOLED AIR","Rect or Slight Irreg",38,71,105.6999969,727385.8125,2363980.4306685
30172,1,4,"AVERAGE/GOOD","MASONRY","PACKAGE UNIT","Rect or Slight Irreg",23,82,94.09999847,904059.875,2839185.15383684
23032,1,4,"AVERAGE","MASONRY","HOT WATER","Rect or Slight Irreg",116,NA,166.1000061,1121537.75,3825615.3404952
23500,1,2,"AVERAGE","MASONRY","HOT WATER","Rect or Slight Irreg",49,26,181.3999939,1686405,4262899.85665
22282,1,1,"AVERAGE","MASONRY","SPACE HEATERS","Rect or Slight Irreg",51,93,56.09999847,579888.3125,1250020.16590854
37500,1,2,"AVERAGE","MASONRY","HEAT PUMP","Rect or Slight Irreg",86,58,152.6000061,2235765.5,5722500.22875
40571,1,4,"GOOD","MASONRY","FORCED AIR UNIT","Rect or Slight Irreg",34,64,168.3000031,1286817.375,6828099.4257701
41707,1,4,"AVERAGE/GOOD","REINFORCED CONCRETE","FORCED AIR UNIT","Rect or Slight Irreg",34,78,132.1999969,1755788.5,5513665.2707083
27574,1,2,"AVERAGE/GOOD","REINFORCED CONCRETE","WARMED AND COOLED AIR","Rect or Slight Irreg",35,73,137.8999939,1211349.25,3802454.4317986
76105,1,3,"AVERAGE/GOOD","REINFORCED CONCRETE","HEAT PUMP","Rect or Slight Irreg",30,91,102,2472350.25,7762710
30659,1,2,"AVERAGE","MASONRY","SPACE HEATERS","Rect or Slight Irreg",29,88,180.1000061,2619088.5,5521686.0870199
45145,1,1,"AVERAGE","MASONRY","HEAT PUMP","Rect or Slight Irreg",29,NA,54.90000153,1268459,2478460.56907185
70332,1,5,"AVERAGE","MASONRY","COMPLETE HVAC","Rect or Slight Irreg",16,89,134.6000061,1981115.25,9466687.6290252
40657,1,2,"AVERAGE","MASONRY","HEAT PUMP","Long Rect or Irreg",20,57,214,2826828,8700598
54372,1,7,"GOOD","REINFORCED CONCRETE","HEAT PUMP","Rect or Slight Irreg",47,94,81.09999847,1403820,4409569.11681084
21282,1,3,"AVERAGE","MASONRY","HOT WATER","Rect or Slight Irreg",61,69,123.9000015,1245923.75,2636839.831923
33580,1,3,"AVERAGE","MASONRY","WARMED AND COOLED AIR","Rect or Slight Irreg",32,100,62.5,409578.4063,2098750
66484,1,2,"AVERAGE","MASONRY","WARMED AND COOLED AIR","Rect or Slight Irreg",29,69,125.3000031,3046543,8330445.4061004
25151,1,3,"AVERAGE","MASONRY","HOT WATER","Rect or Slight Irreg",58,85,116.3000031,1356874.75,2925061.3779681
23472,1,2,"GOOD","WOOD FRAME","WARMED AND COOLED AIR","Rect or Slight Irreg",28,NA,154.6999969,1625308.625,3631118.3272368
21315,1,2,"AVERAGE","REINFORCED CONCRETE","WARMED AND COOLED AIR","Rect or Slight Irreg",44,34,227.6999969,2796425,4853425.4339235
57110,1,4,"AVERAGE","REINFORCED CONCRETE","HEAT PUMP","Rect or Slight Irreg",33,69,175.5,2190460,10022805
50333,1,4,"AVERAGE","MASONRY","FORCED AIR UNIT","Rect or Slight Irreg",58,88,99.90000153,1602084.375,5028266.77700949
57432,1,4,"AVERAGE","MASONRY","HEAT PUMP","Rect or Slight Irreg",31,NA,231.6999969,2520483.25,13306994.2219608
25912,1,3,"AVERAGE","WOOD FRAME","HEAT PUMP","Rect or Slight Irreg",48,NA,120.8000031,666740.3125,3130169.6803272
57132,1,3,"AVERAGE","STRUCTURAL STEEL","COMPLETE HVAC","Rect or Slight Irreg",17,73,185.8999939,1994967.75,10620838.4514948
43016,1,2,"AVERAGE","MASONRY","SPACE HEATERS","Rect or Slight Irreg",38,100,35.40000153,1234095.5,1522766.46581448
20671,1,2,"AVERAGE","WOOD FRAME","FORCED AIR UNIT","Rect or Slight Irreg",77,98,52.5,638507.125,1085227.5
31774,1,3,"AVERAGE","WOOD FRAME","COMPLETE HVAC","Rect or Slight Irreg",101,85,142.1000061,1639136.25,4515085.5938214
23687,1,2,"AVERAGE","MASONRY","SPACE HEATERS","Rect or Slight Irreg",34,68,143.8000031,1084553.75,3406190.6734297
24221,1,2,"AVERAGE","MASONRY","SPACE HEATERS","Rect or Slight Irreg",34,20,186.1000061,1435562.75,4507528.2477481
34030,1,3,"AVERAGE","MASONRY","WARMED AND COOLED AIR","Rect or Slight Irreg",38,50,147.8999939,1748629.875,5033036.792417
32027,1,2,"AVERAGE","WOOD FRAME","SPACE HEATERS","Rect or Slight Irreg",117,54,249.8999939,3999505.25,8003547.1046353
32160,1,3,"AVERAGE","MASONRY","STEAM WITHOUT BOILER","Rect or Slight Irreg",111,NA,176.5,2805826,5676240
34425,1,3,"LOW COST","WOOD FRAME","SPACE HEATERS","Rect or Slight Irreg",103,84,94.19999695,2018385.75,3242834.89500375
25200,1,3,"AVERAGE","MASONRY","WARMED AND COOLED AIR","Rect or Slight Irreg",110,47,181.8000031,1748444.25,4581360.07812
28296,1,2,"AVERAGE","MASONRY","HEAT PUMP","Rect or Slight Irreg",54,80,155.1000061,1328461.25,4388709.7726056
31357,1,3,"AVERAGE/GOOD","REINFORCED CONCRETE","PACKAGE UNIT","Very Irreg",18,55,189.3000031,1965075.625,5935880.1972067
24291,1,1,"AVERAGE","MASONRY","SPACE HEATERS","Rect or Slight Irreg",64,98,57.29999924,655422.375,1391874.28153884
24291,1,2,"AVERAGE","WOOD FRAME","WARMED AND COOLED AIR","Rect or Slight Irreg",43,87,119,920430.625,2890629
23143,1,1,"AVERAGE","MASONRY","SPACE HEATERS","Rect or Slight Irreg",34,75,94.09999847,1139980.625,2177756.26459121
28800,1,1,"AVERAGE","MASONRY","FORCED AIR UNIT","Rect or Slight Irreg",55,73,98.19999695,2107743.75,2828159.91216
34110,1,2,"AVERAGE/GOOD","MASONRY","(unknown)","Rect or Slight Irreg",57,31,236,2563985.5,8049960
47368,1,2,"AVERAGE","MASONRY","HEAT PUMP","Rect or Slight Irreg",38,99,69.09999847,1042652.625,3273128.72752696
72613,1,5,"AVERAGE","REINFORCED CONCRETE","WARMED AND COOLED AIR","Rect or Slight Irreg",33,84,142.3000031,2602213.75,10332830.1251003
36000,1,2,"AVERAGE","MASONRY","SPACE HEATERS","Rect or Slight Irreg",110,95,77.69999695,1046187.625,2797199.8902
53840,1,4,"AVERAGE","MASONRY","STEAM","Rect or Slight Irreg",104,71,185.6000061,2912454.75,9992704.328424
20317,1,2,"AVERAGE","MASONRY","COMPLETE HVAC","Rect or Slight Irreg",50,83,96,620994.3125,1950432
20460,1,1,"AVERAGE","MASONRY","SPACE HEATERS","Rect or Slight Irreg",91,16,138.6999969,903541.875,2837801.936574
36879,1,3,"LOW COST","MASONRY","ELECTRIC WALL","Rect or Slight Irreg",47,26,213.1999969,1144267.5,7862602.6856751
43473,1,3,"AVERAGE/GOOD","MASONRY","COMPLETE HVAC","Long Rect or Irreg",17,3,319,4416909.5,13867887
32250,1,5,"LOW COST","MASONRY","ELECTRIC WALL","Rect or Slight Irreg",107,92,69.19999695,796042.375,2231699.9016375
20150,1,2,"LOW COST","MASONRY","SPACE HEATERS","Rect or Slight Irreg",97,80,89.80000305,576174.125,1809470.0614575
36000,1,7,"LOW COST","MASONRY","ELECTRIC WALL","Rect or Slight Irreg",108,40,167.6999969,1682454.875,6037199.8884
22580,1,1,"AVERAGE","MASONRY","SPACE HEATERS","Rect or Slight Irreg",90,90,122.8000031,928584.875,2772824.069998
39036,1,2,"AVERAGE","WOOD FRAME","COMPLETE HVAC","Rect or Slight Irreg",80,NA,84.90000153,1528295.75,3314156.45972508
26310,1,1,"LOW COST","WOOD FRAME","WARMED AND COOLED AIR","Rect or Slight Irreg",94,96,58.70000076,771512.6875,1544397.0199956
39953,1,2,"AVERAGE","WOOD FRAME","PACKAGE UNIT","Rect or Slight Irreg",46,93,131,1508561.875,5233843
23250,1,2,"AVERAGE","WOOD FRAME","FORCED AIR UNIT","Rect or Slight Irreg",50,55,129,904236,2999250
23022,1,4,"AVERAGE/GOOD","REINFORCED CONCRETE","HEAT PUMP","Rect or Slight Irreg",37,78,125.4000015,1027230.875,2886958.834533
23355,1,3,"AVERAGE","WOOD FRAME","WARMED AND COOLED AIR","Rect or Slight Irreg",68,77,120.4000015,840549.375,2811942.0350325
30840,1,4,"AVERAGE","WOOD FRAME","FORCED AIR UNIT","Rect or Slight Irreg",52,30,251.6000061,3542708.5,7759344.188124
307557,1,13,"AVERAGE/GOOD","REINFORCED CONCRETE","COMPLETE HVAC","Rect or Slight Irreg",34,NA,128,9512829,39367296
38376,1,5,"GOOD","MASONRY","HOT WATER","Rect or Slight Irreg",117,NA,204.1000061,2058532.875,7832541.8340936
42804,1,4,"AVERAGE","MASONRY","STEAM WITHOUT BOILER","Rect or Slight Irreg",117,NA,105.1999969,1544501.75,4502980.6673076
33300,1,4,"AVERAGE","MASONRY","STEAM","Rect or Slight Irreg",117,NA,108.0999985,1287497.375,3599729.95005
48350,1,4,"AVERAGE","STRUCTURAL STEEL","COMPLETE HVAC","Rect or Slight Irreg",9,45,226.6000061,3168131,10956110.294935
28142,1,3,"AVERAGE","MASONRY","STEAM WITHOUT BOILER","Rect or Slight Irreg",117,96,64.19999695,847097.8125,1806716.3141669
28760,1,3,"AVERAGE","MASONRY","FORCED AIR UNIT","Rect or Slight Irreg",117,NA,165.1999969,2615973.5,4751151.910844
39030,1,4,"AVERAGE","MASONRY","STEAM WITHOUT BOILER","Rect or Slight Irreg",115,99,47.70000076,713326.875,1861731.0296628
30720,1,3,"AVERAGE","MASONRY","HEAT PUMP","Rect or Slight Irreg",100,NA,107.3000031,1288669.5,3296256.095232
20897,1,3,"GOOD","MASONRY","COMPLETE HVAC","Rect or Slight Irreg",111,NA,148.1999969,964923.8125,3096935.3352193
22866,1,3,"AVERAGE","MASONRY","HEAT PUMP","Rect or Slight Irreg",104,NA,133.1999969,1153690.125,3045751.1291154
35202,1,3,"GOOD","MASONRY","HEAT PUMP","Rect or Slight Irreg",38,2,339.5,3605755.5,11951079
27544,1,3,"AVERAGE","MASONRY","COMPLETE HVAC","Rect or Slight Irreg",100,94,124.0999985,1031667.5,3418210.358684
47415,1,7,"GOOD","REINFORCED CONCRETE","ELECTRIC","Rect or Slight Irreg",28,NA,136.3999939,1478979.25,6467405.7107685
30109,1,3,"AVERAGE","MASONRY","FORCED AIR UNIT","Rect or Slight Irreg",97,89,124.0999985,1465795.75,3736526.8548365
25481,1,2,"GOOD","WOOD FRAME","FORCED AIR UNIT","Rect or Slight Irreg",57,92,55.79999924,917100.3125,1421839.78063444
27788,1,2,"AVERAGE/GOOD","MASONRY","COMPLETE HVAC","Rect or Slight Irreg",105,73,151.8999939,2119806.25,4220997.0304932
27600,1,3,"AVERAGE","MASONRY","HEAT PUMP","Rect or Slight Irreg",95,84,140.3000031,1072151.375,3872280.08556
26694,1,3,"GOOD","WOOD FRAME","HEAT PUMP","Rect or Slight Irreg",36,92,90.80000305,720170.6875,2423815.2814167
27966,1,1,"AVERAGE","REINFORCED CONCRETE","WARMED AND COOLED AIR","Rect or Slight Irreg",60,58,164.8000031,1100499.75,4608796.8866946
37639,1,3,"AVERAGE/GOOD","STRUCTURAL STEEL","COMPLETE HVAC","Long Rect or Irreg",19,NA,695.2999878,6197824.5,26170396.2408042
22840,1,4,"AVERAGE","MASONRY","ELECTRIC WALL","Rect or Slight Irreg",117,64,121.1999969,881386.1875,2768207.929196
20880,1,1,"LOW COST","MASONRY","SPACE HEATERS","Rect or Slight Irreg",117,94,102.8000031,683274,2146464.064728
38675,1,3,"GOOD","MASONRY","COMPLETE HVAC","Rect or Slight Irreg",117,NA,287.6000061,1938776.75,11122930.2359175
49951,1,4,"AVERAGE","REINFORCED CONCRETE","HEAT PUMP","Rect or Slight Irreg",88,NA,175.1999969,5134446,8751415.0451519
56896,1,4,"AVERAGE","REINFORCED CONCRETE","HEAT PUMP","Rect or Slight Irreg",52,96,87.19999695,1402048.5,4961331.0264672
36630,1,2,"AVERAGE","MASONRY","STEAM WITHOUT BOILER","Rect or Slight Irreg",87,90,51.59999847,541943.3125,1890107.9439561
41920,1,5,"AVERAGE","MASONRY","STEAM WITHOUT BOILER","Rect or Slight Irreg",111,95,82.69999695,1103594.75,3466783.872144
36879,1,5,"GOOD","MASONRY","COMPLETE HVAC","Very Irreg",112,92,93,1537570.25,3429747
26510,1,2,"GOOD","MASONRY","COMPLETE HVAC","Rect or Slight Irreg",47,91,94.30000305,987063.6875,2499893.0808555
44510,1,3,"AVERAGE","MASONRY","FORCED AIR UNIT","Long Rect or Irreg",10,23,261.3999939,2188051.25,11634913.728489
31432,1,3,"AVERAGE","MASONRY","HEAT PUMP","Rect or Slight Irreg",108,NA,143.8000031,1439572.375,4519921.6974392
35017,1,1,"AVERAGE","MASONRY","SPACE HEATERS","Rect or Slight Irreg",48,66,108.3000031,1295485.25,3792341.2085527
20410,1,3,"AVERAGE","WOOD FRAME","FORCED AIR UNIT","Rect or Slight Irreg",22,8,287.7999878,2720238.25,5873997.750998
24696,1,3,"AVERAGE/GOOD","WOOD FRAME","WARMED AND COOLED AIR","Rect or Slight Irreg",34,87,106.5,624125.625,2630124
23422,1,3,"AVERAGE","REINFORCED CONCRETE","COMPLETE HVAC","Rect or Slight Irreg",97,65,151,2701872,3536722
27938,1,2,"AVERAGE/GOOD","MASONRY","HEAT PUMP","Rect or Slight Irreg",92,97,118.8000031,1027394.313,3319034.4866078
25834,1,3,"GOOD","MASONRY","FORCED AIR UNIT","Rect or Slight Irreg",59,73,148.6000061,2076289.625,3838932.5575874
25111,1,3,"AVERAGE","MASONRY","HEAT PUMP","Rect or Slight Irreg",35,77,98,954352.6875,2460878
28848,1,3,"AVERAGE","MASONRY","WARMED AND COOLED AIR","Rect or Slight Irreg",35,82,118.6999969,726917.5,3424257.5105712
20535,1,2,"AVERAGE","MASONRY","REFRIGERATED COOLING","Rect or Slight Irreg",29,7,210.6000061,1835804,4324671.1252635
268130,1,11,"GOOD","REINFORCED CONCRETE","COMPLETE HVAC","Long Rect or Irreg",17,88,175.6000061,15026352,47083629.635593
68452,1,11,"GOOD","REINFORCED CONCRETE","COMPLETE HVAC","Long Rect or Irreg",17,79,173.5,3782378.25,11876422
273185,1,11,"GOOD","REINFORCED CONCRETE","COMPLETE HVAC","Long Rect or Irreg",17,88,164,14709151,44802340
54015,1,5,"GOOD","REINFORCED CONCRETE","PACKAGE UNIT","Very Irreg",35,75,175.6000061,3020001.5,9485034.3294915
73102,1,6,"EXCELLENT","STRUCTURAL STEEL","COMPLETE HVAC","Rect or Slight Irreg",32,84,145.8999939,4307238.5,10665581.3540778
26263,1,1,"GOOD","WOOD FRAME","(unknown)","Rect or Slight Irreg",24,64,195.3999939,1634669.375,5131790.0397957
162157,1,4,"EXCELLENT","REINFORCED CONCRETE","HEAT PUMP","Very Irreg",12,NA,718.7999878,40613740,116558449.621685
526423,1,11,"GOOD","STRUCTURAL STEEL","COMPLETE HVAC","Long Rect or Irreg",5,97,129.8999939,17463744,68382344.4888197
157345,1,6,"GOOD","REINFORCED CONCRETE","COMPLETE HVAC","Rect or Slight Irreg",5,63,228.8000031,11624548,36000536.4877695
354086,1,13,"GOOD/EXCELLENT","STRUCTURAL STEEL","COMPLETE HVAC","Rect or Slight Irreg",29,88,167.6999969,13458948,59380221.1023334
62662,1,3,"GOOD/EXCELLENT","REINFORCED CONCRETE","COMPLETE HVAC","Long Rect or Irreg",4,67,164.6000061,2502131,10314165.5822382
333714,1,7,"GOOD","REINFORCED CONCRETE","COMPLETE HVAC","Rect or Slight Irreg",3,NA,72.80000305,4581493,24294380.2178277
37873,1,5,"AVERAGE","MASONRY","HOT WATER","Rect or Slight Irreg",2,NA,136.3999939,2346692.5,5165876.9689747
513816,1,10,"GOOD","STRUCTURAL STEEL","COMPLETE HVAC","Rect or Slight Irreg",2,NA,153.1000061,18760766,78665232.7342776
480702,1,12,"GOOD/EXCELLENT","STRUCTURAL STEEL","COMPLETE HVAC","Long Rect or Irreg",3,99,109.0999985,12720069,52444587.478947
483397,1,12,"GOOD/EXCELLENT","STRUCTURAL STEEL","COMPLETE HVAC","Long Rect or Irreg",2,98,114.5999985,13998638,55397295.4749045
536697,1,13,"EXCELLENT","STRUCTURAL STEEL","COMPLETE HVAC","Rect or Slight Irreg",3,98,99.19999695,13239050,53240340.7630742
24990,1,2,"GOOD","STRUCTURAL STEEL","SPACE HEATERS","Rect or Slight Irreg",88,9,367,4420650.5,9171330
13661,1,1,"AVERAGE","REINFORCED CONCRETE","SPACE HEATERS","Rect or Slight Irreg",65,75,115.5,502667.6875,1577845.5
12294,1,1,"AVERAGE","MASONRY","HOT WATER","Very Irreg",27,46,161.6999969,849745.6875,1987939.7618886
