"SQFT","NFLOOR","NELVTR","NESLTR","COURT","MONUSE","OPNWE","WKHRS","NWKER","COOK","MANU","HEATP","COOLP","SNACK","FASTFD","CAF","FDPREP","KITCHN","BREAKRM","OTFDRM","LABEQP","MCHEQP","POOL","HTPOOL","RFGWIN","RFGOPN","RFGCLN","RFGVNN","RFGICN","PCTERMN","LAPTPN","PRNTRN","SERVERN","TVVIDEON","RGSTRN","COPIERN","HDD65","CDD65","PBAPLUS","PBA","FINALWT","MFBTU","ELBTU","NGBTU","FKBTU","DHBTU","ONEACT","ACT1","ACT2","ACT3","ACT1PCT","ACT2PCT","ACT3PCT","PRAMTC","PRUNIT","CWUSED","WOUSED","COUSED","SOUSED","RFGSTP","RWSEAT","ELBTU0","NGBTU0","FKBTU0","DHBTU0","SOURCE_ENERGY","SOURCE_EUI","SITE_EUI"
19000,2,NA,NA,NA,12,1,20,19,1,2,100,100,2,2,2,2,1,2,2,NA,NA,NA,NA,NA,NA,NA,NA,NA,3,0,3,0,2,NA,1,6838,631,21,12,647.9871845,1221138,353783,867355,NA,NA,1,NA,NA,NA,NA,NA,NA,NA,NA,2,2,2,2,NA,800,990592.4,910722.75,NA,NA,1901315.15,100.07,64.27
5000,1,NA,NA,NA,12,1,18,1,1,2,75,100,2,2,2,2,1,2,2,NA,NA,NA,NA,NA,NA,NA,NA,NA,2,0,3,0,NA,NA,NA,392,3432,21,12,1879.4560061,48379,48379,NA,NA,NA,1,NA,NA,NA,NA,NA,NA,NA,NA,2,2,2,2,NA,300,135461.2,NA,NA,NA,135461.2,27.09,9.68
10500,1,NA,NA,NA,12,1,12,9,2,2,25,NA,NA,NA,NA,NA,NA,NA,NA,NA,NA,NA,NA,NA,NA,NA,NA,NA,0,0,NA,0,NA,NA,NA,1122,931,21,12,1667.7551609,184275,184275,NA,NA,NA,1,NA,NA,NA,NA,NA,NA,NA,NA,2,2,2,2,NA,250,515970,NA,NA,NA,515970,49.14,17.55
29500,2,1,NA,NA,12,1,20,8,1,2,75,75,2,2,2,2,1,2,2,NA,NA,NA,NA,NA,NA,NA,NA,NA,3,2,4,0,2,NA,2,4929,1304,21,12,63.073938349,2191894,1264474,927420,NA,NA,1,NA,NA,NA,NA,NA,NA,NA,NA,2,2,2,2,NA,1250,3540527.2,973791,NA,NA,4514318.2,153.03,74.3
13000,1,NA,NA,NA,12,1,12,1,2,2,100,100,NA,NA,NA,NA,NA,NA,NA,NA,NA,NA,NA,NA,NA,NA,NA,NA,0,0,NA,0,NA,NA,NA,1405,2811,21,12,1107.7533448,102490,102490,NA,NA,NA,1,NA,NA,NA,NA,NA,NA,NA,NA,2,2,2,2,NA,200,286972,NA,NA,NA,286972,22.07,7.88
16000,1,NA,NA,NA,12,1,20,19,1,2,100,100,2,2,2,2,1,2,2,NA,NA,NA,NA,NA,NA,NA,NA,NA,3,0,3,0,2,NA,1,4931,1131,21,12,657.71092576,654332,213069,441263,NA,NA,1,NA,NA,NA,NA,NA,NA,NA,NA,2,2,2,2,NA,1250,596593.2,463326.15,NA,NA,1059919.35,66.24,40.9
10001,3,1,NA,NA,12,1,72,1,1,2,100,5,2,2,2,1,2,2,2,NA,NA,NA,NA,NA,NA,NA,NA,NA,1,1,1,0,1,NA,1,4862,1181,21,12,1162.262962,694910,151455,543455,NA,NA,1,NA,NA,NA,NA,NA,NA,NA,NA,2,2,2,2,NA,450,424074,570627.75,NA,NA,994701.75,99.46,69.48
10000,1,NA,NA,NA,12,1,42,2,1,2,100,90,2,2,2,1,2,2,2,NA,NA,NA,NA,NA,NA,2,NA,NA,2,2,2,1,2,1,1,1613,1349,21,12,2249.135161,95160,55390,39770,NA,NA,1,NA,NA,NA,NA,NA,NA,NA,NA,2,2,2,2,NA,150,155092,41758.5,NA,NA,196850.5,19.69,9.52
25000,1,NA,NA,NA,12,1,20,20,1,2,100,100,2,2,2,2,1,2,2,NA,NA,NA,NA,NA,NA,NA,NA,NA,4,5,4,0,2,NA,1,4930,1231,21,12,519.50232556,511748,245350,266398,NA,NA,1,NA,NA,NA,NA,NA,NA,NA,NA,2,2,2,2,NA,1500,686980,279717.9,NA,NA,966697.9,38.67,20.47
5400,1,NA,NA,NA,12,1,6,1,2,2,100,100,NA,NA,NA,NA,NA,NA,NA,NA,NA,NA,NA,NA,NA,NA,NA,1,0,0,NA,0,NA,NA,NA,2188,1981,21,12,1729.17335,74470,74470,NA,NA,NA,1,NA,NA,NA,NA,NA,NA,NA,NA,2,2,2,2,NA,200,208516,NA,NA,NA,208516,38.61,13.79
14000,2,NA,NA,NA,12,1,37,6,2,2,100,100,NA,NA,NA,NA,NA,NA,NA,NA,NA,NA,NA,NA,NA,NA,NA,NA,5,2,4,1,1,NA,2,851,4526,21,12,1031.3463294,685051,685051,NA,NA,NA,1,NA,NA,NA,NA,NA,NA,NA,NA,2,2,2,2,NA,350,1918142.8,NA,NA,NA,1918142.8,137.01,48.93
13000,1,NA,NA,NA,12,1,35,2,1,2,100,100,2,2,2,2,1,2,2,NA,NA,NA,NA,NA,NA,NA,NA,NA,2,1,2,0,1,NA,1,4216,1621,21,12,1791.3103533,346530,121030,225500,NA,NA,1,NA,NA,NA,NA,NA,NA,NA,NA,2,2,2,2,NA,150,338884,236775,NA,NA,575659,44.28,26.66
14500,1,NA,NA,NA,12,1,4,1,2,2,75,85,NA,NA,NA,NA,NA,NA,NA,NA,NA,NA,NA,NA,NA,NA,NA,NA,0,0,NA,0,NA,NA,NA,1433,1920,21,12,632.51710677,344422,126609,217813,NA,NA,1,NA,NA,NA,NA,NA,NA,NA,NA,2,2,2,2,NA,500,354505.2,228703.65,NA,NA,583208.85,40.22,23.75
16500,3,1,NA,NA,12,1,40,5,1,2,100,3,2,2,2,1,2,2,2,NA,NA,NA,NA,NA,NA,2,NA,NA,1,0,1,1,NA,NA,1,4902,1063,21,12,787.07922084,1811803,317763,1494040,NA,NA,1,NA,NA,NA,NA,NA,NA,NA,NA,2,2,2,2,NA,225,889736.4,1568742,NA,NA,2458478.4,149,109.81
16000,1,NA,NA,NA,12,1,20,9,1,2,100,100,2,2,2,2,1,2,2,NA,NA,NA,NA,NA,NA,NA,NA,NA,4,4,4,0,2,NA,1,4762,877,21,12,918.02992474,388457,180587,207870,NA,NA,1,NA,NA,NA,NA,NA,NA,NA,NA,2,2,2,2,NA,900,505643.6,218263.5,NA,NA,723907.1,45.24,24.28
5000,1,NA,NA,NA,12,1,10,1,1,2,100,100,2,2,2,2,1,2,2,NA,NA,NA,NA,NA,NA,NA,NA,NA,0,0,NA,0,NA,NA,NA,3740,1348,21,12,1484.5150471,119259,87586,31673,NA,NA,1,NA,NA,NA,NA,NA,NA,NA,NA,2,2,2,2,NA,250,245240.8,33256.65,NA,NA,278497.45,55.7,23.85
7000,1,NA,NA,NA,12,1,12,1,1,2,100,100,2,2,2,2,1,2,2,NA,NA,NA,NA,NA,NA,NA,NA,NA,1,0,1,0,NA,NA,NA,2244,2240,21,12,1387.0765871,51238,51238,NA,NA,NA,1,NA,NA,NA,NA,NA,NA,2,1,2,2,2,2,NA,200,143466.4,NA,NA,NA,143466.4,20.5,7.32
5600,1,NA,NA,NA,12,1,20,4,1,2,90,100,2,2,2,2,1,2,2,NA,NA,NA,NA,NA,NA,NA,NA,NA,2,0,1,0,2,NA,1,1018,3625,21,12,1868.403437,119213,78930,40283,NA,NA,1,NA,NA,NA,NA,NA,NA,NA,NA,2,2,2,2,NA,300,221004,42297.15,NA,NA,263301.15,47.02,21.29
14750,1,NA,NA,NA,12,1,20,19,1,2,100,50,2,2,2,2,1,2,2,NA,NA,NA,NA,NA,NA,NA,NA,NA,2,0,2,0,2,NA,1,2739,609,21,12,941.81790866,297907,124067,173840,NA,NA,1,NA,NA,NA,NA,NA,NA,NA,NA,2,2,2,2,NA,1000,347387.6,182532,NA,NA,529919.6,35.93,20.2
4800,1,NA,NA,NA,12,1,4,2,2,2,100,100,NA,NA,NA,NA,NA,NA,NA,NA,NA,NA,NA,NA,NA,NA,NA,NA,0,0,NA,0,1,NA,1,3693,1542,21,12,1387.0765871,145471,73003,72468,NA,NA,1,NA,NA,NA,NA,NA,NA,NA,NA,2,2,2,2,NA,250,204408.4,76091.4,NA,NA,280499.8,58.44,30.31
35000,2,NA,NA,NA,12,1,12,3,1,2,100,75,2,2,2,2,1,2,2,NA,NA,NA,NA,NA,NA,NA,NA,NA,1,2,1,0,2,NA,1,3920,1516,21,12,2249.135161,1300734,678149,622585,NA,NA,1,NA,NA,NA,NA,NA,NA,NA,NA,2,2,2,2,NA,500,1898817.2,653714.25,NA,NA,2552531.45,72.93,37.16
2000,1,NA,NA,NA,12,1,3,4,2,2,100,100,NA,NA,NA,NA,NA,NA,NA,NA,NA,NA,NA,NA,NA,NA,NA,NA,0,0,NA,0,NA,NA,NA,3073,1711,21,12,1807.4628666,13842,13842,NA,NA,NA,1,NA,NA,NA,NA,NA,NA,2,1,2,2,2,2,NA,250,38757.6,NA,NA,NA,38757.6,19.38,6.92
13000,2,NA,NA,NA,12,1,84,2,1,2,100,100,1,2,2,2,1,2,2,NA,NA,NA,NA,NA,NA,NA,1,NA,1,4,2,0,5,NA,1,5701,1040,21,12,1162.262962,806120,208852,597268,NA,NA,1,NA,NA,NA,NA,NA,NA,NA,NA,2,2,2,2,NA,200,584785.6,627131.4,NA,NA,1211917,93.22,62.01
34000,2,NA,NA,NA,12,1,55,8,1,2,100,8,2,2,2,2,1,2,2,NA,NA,NA,NA,NA,NA,NA,NA,NA,9,5,4,0,NA,NA,2,6265,997,21,12,499.1203535,990196,120996,869200,NA,NA,1,NA,NA,NA,NA,NA,NA,NA,NA,2,2,2,2,NA,125,338788.8,912660,NA,NA,1251448.8,36.81,29.12
40000,1,NA,NA,NA,12,1,70,10,1,2,100,100,2,2,2,1,1,1,2,NA,NA,NA,NA,1,NA,2,NA,1,24,3,3,1,4,NA,3,709,3466,21,12,281.10925465,899082,899082,NA,NA,NA,1,NA,NA,NA,NA,NA,NA,3,1,2,2,2,2,NA,900,2517429.6,NA,NA,NA,2517429.6,62.94,22.48
66000,3,1,NA,NA,12,1,50,6,1,2,99,100,2,2,1,1,2,1,2,NA,NA,NA,NA,NA,NA,2,NA,1,8,4,9,1,10,NA,2,2273,1944,21,12,26.290298331,2065962,1089957,976005,NA,NA,1,NA,NA,NA,NA,NA,NA,NA,NA,2,2,2,2,NA,900,3051879.6,1024805.25,NA,NA,4076684.85,61.77,31.3
13250,2,NA,NA,NA,12,1,14,1,1,2,100,95,2,2,2,2,1,2,2,NA,NA,NA,NA,NA,NA,NA,NA,NA,2,3,2,0,4,NA,NA,5937,479,21,12,1031.3463294,417168,150155,267013,NA,NA,1,NA,NA,NA,NA,NA,NA,NA,NA,2,2,2,2,NA,200,420434,280363.65,NA,NA,700797.65,52.89,31.48
5000,1,NA,NA,NA,12,1,2,3,2,2,100,100,NA,NA,NA,NA,NA,NA,NA,NA,NA,NA,NA,NA,NA,NA,NA,NA,0,0,NA,0,1,NA,NA,3031,1599,21,12,1807.4628666,64023,64023,NA,NA,NA,1,NA,NA,NA,NA,NA,NA,NA,NA,2,2,2,2,NA,400,179264.4,NA,NA,NA,179264.4,35.85,12.8
9100,1,NA,NA,NA,12,1,20,19,1,2,100,100,2,2,2,2,1,2,2,NA,NA,NA,NA,NA,NA,NA,NA,NA,2,0,2,0,1,NA,1,1463,2498,21,12,626.86457515,232864,201294,31570,NA,NA,1,NA,NA,NA,NA,NA,NA,NA,NA,2,2,2,2,NA,300,563623.2,33148.5,NA,NA,596771.7,65.58,25.59
66000,3,1,NA,NA,12,1,98,40,1,2,100,85,2,2,2,1,1,2,2,NA,NA,NA,NA,1,NA,NA,1,1,40,6,7,5,7,NA,2,3915,1554,21,12,175.75631596,4066429,1410961,2655468,NA,NA,1,NA,NA,NA,NA,NA,NA,NA,NA,2,2,2,2,NA,1250,3950690.8,2788241.4,NA,NA,6738932.2,102.11,61.61
8800,1,NA,NA,NA,12,1,9,8,2,2,100,100,NA,NA,NA,NA,NA,NA,NA,NA,NA,NA,NA,NA,NA,NA,NA,NA,0,0,NA,0,1,NA,NA,853,2037,21,12,503.86330813,430180,373907,56273,NA,NA,1,NA,NA,NA,NA,NA,NA,NA,NA,2,2,2,2,NA,450,1046939.6,59086.65,NA,NA,1106026.25,125.68,48.88
17250,2,NA,NA,NA,12,1,30,2,1,2,100,33,2,2,2,2,1,2,2,NA,NA,NA,NA,NA,NA,NA,NA,NA,2,1,4,0,3,NA,3,4636,1142,21,12,177.34464265,513293,132072,NA,381221,NA,1,NA,NA,NA,NA,NA,NA,1,1,2,2,2,2,NA,300,369801.6,NA,385033.21,NA,754834.81,43.76,29.76
29000,1,NA,NA,NA,12,1,20,19,1,2,100,100,2,2,2,2,1,2,2,NA,NA,NA,NA,NA,NA,NA,NA,NA,20,2,4,0,2,NA,2,3587,1807,21,12,190.58981791,1470589,593906,876683,NA,NA,1,NA,NA,NA,NA,NA,NA,NA,NA,2,2,2,2,NA,1000,1662936.8,920517.15,NA,NA,2583453.95,89.08,50.71
5000,1,NA,NA,NA,12,1,4,1,2,2,100,100,NA,NA,NA,NA,NA,NA,NA,NA,NA,NA,NA,NA,NA,NA,NA,NA,0,0,NA,0,NA,NA,NA,3712,1801,21,12,961.78281331,45369,21076,24293,NA,NA,1,NA,NA,NA,NA,NA,NA,NA,NA,2,2,2,2,NA,80,59012.8,25507.65,NA,NA,84520.45,16.9,9.07
26000,1,NA,NA,NA,12,1,20,2,1,2,100,100,2,2,2,2,1,2,2,NA,NA,NA,NA,NA,NA,1,NA,1,0,0,NA,0,1,NA,NA,4519,985,21,12,657.71092576,1572104,424719,1147385,NA,NA,1,NA,NA,NA,NA,NA,NA,NA,NA,2,2,2,2,NA,300,1189213.2,1204754.25,NA,NA,2393967.45,92.08,60.47
18000,2,1,NA,NA,12,1,33,2,1,2,100,100,2,2,2,1,2,2,2,NA,NA,NA,NA,NA,NA,NA,NA,NA,3,1,3,0,NA,NA,1,4661,1471,21,12,1879.4560061,1405090,245712,1159378,NA,NA,1,NA,NA,NA,NA,NA,NA,NA,NA,2,2,2,2,NA,500,687993.6,1217346.9,NA,NA,1905340.5,105.85,78.06
3500,1,NA,NA,NA,12,1,4,0,2,2,100,100,NA,NA,NA,NA,NA,NA,NA,NA,NA,NA,NA,NA,NA,NA,NA,NA,0,0,NA,0,NA,NA,NA,2980,1727,21,12,1522.9817889,12897,12897,NA,NA,NA,1,NA,NA,NA,NA,NA,NA,NA,NA,2,2,2,2,NA,100,36111.6,NA,NA,NA,36111.6,10.32,3.68
2400,1,NA,NA,NA,12,1,9,1,2,2,100,100,NA,NA,NA,NA,NA,NA,NA,NA,NA,NA,NA,NA,NA,NA,NA,NA,0,1,1,0,1,NA,NA,5006,1032,21,12,1828.0523467,24706,24706,NA,NA,NA,1,NA,NA,NA,NA,NA,NA,NA,NA,2,2,2,2,NA,100,69176.8,NA,NA,NA,69176.8,28.82,10.29
50000,2,1,NA,NA,12,1,40,8,2,2,100,100,NA,NA,NA,NA,NA,NA,NA,NA,NA,NA,NA,NA,NA,NA,NA,NA,6,6,4,1,3,NA,1,6206,1190,21,12,657.71092576,2821398,992285,1829113,NA,NA,1,NA,NA,NA,NA,NA,NA,NA,NA,2,2,2,2,NA,1250,2778398,1920568.65,NA,NA,4698966.65,93.98,56.43
5000,2,NA,NA,NA,12,1,50,3,1,2,50,100,2,2,2,2,1,2,2,NA,NA,NA,NA,NA,NA,NA,NA,NA,1,3,3,1,1,NA,1,655,2068,21,12,1031.3463294,74159,37259,36900,NA,NA,1,NA,NA,NA,NA,NA,NA,NA,NA,2,2,2,2,NA,100,104325.2,38745,NA,NA,143070.2,28.61,14.83
80000,2,NA,NA,NA,12,1,80,90,1,1,40,100,2,2,2,2,1,2,2,NA,NA,NA,NA,1,NA,NA,1,1,15,4,4,1,6,1,1,1141,3108,21,12,311.6023823,4754267,3380125,516703,857439,NA,1,NA,NA,NA,NA,NA,NA,NA,NA,2,2,2,2,NA,800,9464350,542538.15,866013.39,NA,10872901.54,135.91,59.43
13000,2,NA,NA,NA,12,1,12,1,2,2,100,100,NA,NA,NA,NA,NA,NA,NA,NA,NA,NA,NA,NA,NA,NA,NA,NA,1,1,1,0,2,NA,1,2649,1856,21,12,48.841044419,173502,72437,101065,NA,NA,1,NA,NA,NA,NA,NA,NA,NA,NA,2,2,2,2,NA,100,202823.6,106118.25,NA,NA,308941.85,23.76,13.35
5000,1,NA,NA,NA,12,1,20,1,2,2,100,100,NA,NA,NA,NA,NA,NA,NA,NA,NA,NA,NA,NA,NA,NA,NA,NA,0,0,NA,0,NA,NA,2,1114,772,21,12,1667.7551609,140387,140387,NA,NA,NA,1,NA,NA,NA,NA,NA,NA,NA,NA,2,2,2,2,NA,350,393083.6,NA,NA,NA,393083.6,78.62,28.08
38000,1,NA,NA,NA,12,1,55,12,1,2,10,75,2,2,2,2,1,1,2,NA,NA,NA,NA,NA,NA,NA,NA,NA,5,8,3,4,3,NA,2,2115,484,21,12,941.81790866,763718,544675,219043,NA,NA,1,NA,NA,NA,NA,NA,NA,NA,NA,2,2,2,2,NA,400,1525090,229995.15,NA,NA,1755085.15,46.19,20.1
5000,1,NA,NA,NA,12,1,20,1,1,2,100,100,2,2,2,2,1,2,2,NA,NA,NA,NA,NA,NA,NA,NA,NA,0,0,NA,0,1,NA,1,3623,1782,21,12,1868.403437,118872,33182,85690,NA,NA,1,NA,NA,NA,NA,NA,NA,NA,NA,2,2,2,2,NA,175,92909.6,89974.5,NA,NA,182884.1,36.58,23.77
11000,2,NA,NA,NA,12,1,20,5,2,2,100,100,NA,NA,NA,NA,NA,NA,NA,NA,NA,NA,NA,NA,NA,1,NA,NA,1,0,1,0,NA,NA,NA,2094,1895,21,12,23.717553485,106026,77326,28700,NA,NA,1,NA,NA,NA,NA,NA,NA,NA,NA,2,2,2,2,NA,250,216512.8,30135,NA,NA,246647.8,22.42,9.64
4200,1,NA,NA,NA,12,1,12,4,2,2,100,100,NA,NA,NA,NA,NA,NA,NA,NA,NA,NA,NA,NA,NA,NA,NA,NA,1,0,1,0,NA,NA,1,1592,2797,21,12,1879.4560061,304043,304043,NA,NA,NA,1,NA,NA,NA,NA,NA,NA,NA,NA,2,2,2,2,NA,250,851320.4,NA,NA,NA,851320.4,202.7,72.39
7900,2,NA,NA,NA,12,1,6,3,2,2,100,100,NA,NA,NA,NA,NA,NA,NA,NA,NA,NA,NA,NA,NA,NA,NA,1,1,2,0,0,1,NA,NA,2530,2711,21,12,1868.403437,117844,117844,NA,NA,NA,1,NA,NA,NA,NA,NA,NA,3,1,2,2,2,2,NA,350,329963.2,NA,NA,NA,329963.2,41.77,14.92
8700,1,NA,NA,NA,12,1,9,3,2,2,100,100,NA,NA,NA,NA,NA,NA,NA,NA,NA,NA,NA,NA,NA,NA,NA,NA,1,1,1,0,NA,NA,NA,2403,1887,21,12,1807.4628666,89762,42817,46945,NA,NA,1,NA,NA,NA,NA,NA,NA,NA,NA,2,2,2,2,NA,300,119887.6,49292.25,NA,NA,169179.85,19.45,10.32
85000,3,2,NA,NA,12,1,49,52,1,2,100,100,1,2,2,1,1,2,2,NA,NA,NA,NA,2,NA,2,3,2,21,6,12,0,13,NA,4,3695,1717,21,12,267.92535532,7188981,4166666,3022315,NA,NA,1,NA,NA,NA,NA,NA,NA,NA,NA,2,2,2,2,NA,900,11666664.8,3173430.75,NA,NA,14840095.55,174.59,84.58
25000,3,NA,NA,NA,12,1,35,4,1,2,100,100,2,2,2,2,1,2,2,NA,NA,NA,NA,NA,NA,NA,1,NA,1,0,3,0,1,NA,1,4004,1800,21,12,445.92272757,689170,129417,559753,NA,NA,1,NA,NA,NA,NA,NA,NA,NA,NA,2,2,2,2,NA,250,362367.6,587740.65,NA,NA,950108.25,38,27.57
1500,1,NA,NA,NA,12,1,8,0,2,2,80,80,NA,NA,NA,NA,NA,NA,NA,NA,NA,NA,NA,NA,NA,NA,NA,NA,1,1,0,0,1,NA,NA,1153,3943,21,12,1461.8570616,15801,15801,NA,NA,NA,1,NA,NA,NA,NA,NA,NA,NA,NA,2,2,2,2,NA,20,44242.8,NA,NA,NA,44242.8,29.5,10.53
9000,2,NA,NA,NA,12,1,50,9,1,2,90,100,2,2,2,2,1,2,2,NA,NA,NA,NA,NA,NA,NA,NA,NA,6,2,7,1,3,NA,1,4273,1045,21,12,1868.403437,279435,160125,119310,NA,NA,1,NA,NA,NA,NA,NA,NA,NA,NA,2,2,2,2,NA,350,448350,125275.5,NA,NA,573625.5,63.74,31.05
1200,1,NA,NA,NA,12,1,5,1,1,2,100,100,2,2,2,2,1,2,2,NA,NA,NA,NA,NA,NA,NA,NA,NA,0,0,NA,0,NA,NA,NA,3982,1583,21,12,1807.4628666,66103,20080,46023,NA,NA,1,NA,NA,NA,NA,NA,NA,NA,NA,2,2,2,2,NA,50,56224,48324.15,NA,NA,104548.15,87.12,55.09
5900,1,NA,NA,NA,12,1,48,6,1,2,100,100,2,2,2,2,1,1,2,NA,NA,NA,NA,NA,NA,NA,NA,NA,3,0,3,0,1,NA,1,2339,1995,21,12,1807.4628666,927356,177056,750300,NA,NA,1,NA,NA,NA,NA,NA,NA,NA,NA,2,2,2,2,NA,125,495756.8,787815,NA,NA,1283571.8,217.55,157.18
4100,2,NA,NA,NA,12,1,4,1,1,2,100,100,2,2,2,2,1,2,2,NA,NA,NA,NA,NA,NA,NA,NA,NA,1,0,1,0,2,NA,NA,6294,792,21,12,1484.5150471,17763,17763,NA,NA,NA,1,NA,NA,NA,NA,NA,NA,3,1,2,2,2,2,NA,50,49736.4,NA,NA,NA,49736.4,12.13,4.33
29500,2,NA,NA,NA,12,1,16,8,2,2,100,33,NA,NA,NA,NA,NA,NA,NA,NA,NA,NA,NA,NA,NA,NA,NA,NA,0,0,NA,0,NA,NA,NA,5555,776,21,12,276.95327433,1034315,91827,942488,NA,NA,1,NA,NA,NA,NA,NA,NA,NA,NA,2,2,2,2,NA,1500,257115.6,989612.4,NA,NA,1246728,42.26,35.06
8100,1,NA,NA,NA,12,1,50,2,2,2,100,75,NA,NA,NA,NA,NA,NA,NA,NA,NA,NA,NA,NA,NA,NA,NA,NA,5,0,2,0,2,NA,NA,5990,184,21,12,1655.242098,151053,151053,NA,NA,NA,1,NA,NA,NA,NA,NA,NA,NA,NA,2,2,2,2,NA,250,422948.4,NA,NA,NA,422948.4,52.22,18.65
5500,1,NA,NA,NA,12,1,8,1,2,2,100,75,NA,NA,NA,NA,NA,NA,NA,NA,NA,NA,NA,NA,NA,NA,NA,NA,1,1,1,0,NA,NA,1,5285,536,21,12,1851.6697201,101290,27740,NA,73550,NA,1,NA,NA,NA,NA,NA,NA,NA,NA,2,2,2,2,NA,250,77672,NA,74285.5,NA,151957.5,27.63,18.42
7000,1,NA,NA,NA,12,1,4,1,1,2,50,50,1,2,2,2,1,1,2,NA,NA,NA,NA,NA,1,NA,NA,NA,0,0,NA,0,2,NA,1,2400,1915,21,12,1451.6174232,55152,55152,NA,NA,NA,1,NA,NA,NA,NA,NA,NA,NA,NA,2,2,2,2,NA,100,154425.6,NA,NA,NA,154425.6,22.06,7.88
12500,1,NA,NA,NA,12,1,25,2,1,2,100,100,2,2,2,2,1,2,2,NA,NA,NA,NA,NA,NA,NA,NA,NA,3,0,1,0,3,NA,1,5508,866,21,12,1729.17335,643204,105796,537408,NA,NA,1,NA,NA,NA,NA,NA,NA,NA,NA,2,2,2,2,NA,300,296228.8,564278.4,NA,NA,860507.2,68.84,51.46
28000,2,NA,NA,NA,12,1,25,3,1,2,100,100,2,2,2,2,1,2,2,NA,NA,NA,NA,NA,NA,NA,NA,NA,5,3,3,0,5,NA,1,4349,1091,21,12,1155.42801,1276778,321683,955095,NA,NA,1,NA,NA,NA,NA,NA,NA,NA,NA,2,2,2,2,NA,350,900712.4,1002849.75,NA,NA,1903562.15,67.98,45.6
12250,3,NA,NA,NA,12,1,15,1,1,2,100,33,2,2,2,1,2,2,2,NA,NA,NA,NA,NA,NA,NA,NA,NA,0,0,NA,0,NA,NA,NA,4051,1484,21,12,1107.7533448,564584,149664,414920,NA,NA,1,NA,NA,NA,NA,NA,NA,NA,NA,2,2,2,2,NA,125,419059.2,435666,NA,NA,854725.2,69.77,46.09
3600,1,NA,NA,NA,12,1,28,1,1,2,100,NA,2,2,2,2,1,2,2,NA,NA,NA,NA,NA,NA,NA,NA,NA,2,2,1,0,1,NA,NA,7529,649,21,12,1791.3103533,29916,29916,NA,NA,NA,1,NA,NA,NA,NA,NA,NA,3,1,2,2,2,2,NA,70,83764.8,NA,NA,NA,83764.8,23.27,8.31
17000,1,NA,NA,NA,12,1,20,19,1,2,100,100,2,2,2,2,1,2,2,NA,NA,NA,NA,NA,NA,NA,NA,NA,3,0,3,0,2,NA,1,1010,3673,21,12,642.14159888,352988,296100,56888,NA,NA,1,NA,NA,NA,NA,NA,NA,NA,NA,2,2,2,2,NA,1250,829080,59732.4,NA,NA,888812.4,52.28,20.76
6600,1,NA,NA,NA,12,1,52,1,1,2,100,100,2,2,2,2,1,2,2,NA,NA,NA,NA,NA,NA,NA,NA,NA,2,0,2,0,1,NA,NA,3844,1792,21,12,1484.5150471,202883,58973,143910,NA,NA,1,NA,NA,NA,NA,NA,NA,NA,NA,2,2,2,2,NA,200,165124.4,151105.5,NA,NA,316229.9,47.91,30.74
9600,1,NA,NA,NA,12,1,60,6,1,2,75,75,2,2,2,1,2,2,2,NA,NA,NA,NA,NA,NA,NA,1,1,4,4,7,0,NA,NA,1,2355,453,21,12,941.81790866,236624,120491,116133,NA,NA,1,NA,NA,NA,NA,NA,NA,NA,NA,2,2,2,2,NA,200,337374.8,121939.65,NA,NA,459314.45,47.85,24.65
29000,3,1,NA,NA,12,1,20,19,1,2,100,66,2,2,2,2,1,2,2,NA,NA,NA,NA,NA,NA,NA,NA,NA,3,0,3,0,2,NA,1,3614,1560,21,12,276.95327433,803281,438176,365105,NA,NA,1,NA,NA,NA,NA,NA,NA,NA,NA,2,2,2,2,NA,1000,1226892.8,383360.25,NA,NA,1610253.05,55.53,27.7
4000,1,NA,NA,NA,12,1,8,5,1,2,100,100,2,2,2,2,1,2,2,NA,NA,NA,NA,NA,NA,NA,NA,NA,1,1,2,0,NA,NA,NA,2458,1848,21,12,1117.7421223,135172,38924,96248,NA,NA,1,NA,NA,NA,NA,NA,NA,NA,NA,2,2,2,2,NA,200,108987.2,101060.4,NA,NA,210047.6,52.51,33.79
4000,1,NA,NA,NA,12,1,5,1,1,2,100,NA,2,2,2,2,1,2,2,NA,NA,NA,NA,NA,NA,NA,NA,NA,3,0,0,0,NA,NA,NA,7941,235,21,12,1387.0765871,40582,40582,NA,NA,NA,1,NA,NA,NA,NA,NA,NA,3,1,2,2,2,2,NA,125,113629.6,NA,NA,NA,113629.6,28.41,10.15
8700,1,NA,NA,NA,12,1,8,2,1,2,100,100,2,2,2,1,2,2,2,NA,NA,NA,NA,NA,NA,NA,NA,1,2,2,1,0,1,NA,NA,2220,1828,21,12,1807.4628666,138834,138834,NA,NA,NA,1,NA,NA,NA,NA,NA,NA,3,1,2,2,2,2,NA,450,388735.2,NA,NA,NA,388735.2,44.68,15.96
15000,1,NA,NA,NA,12,1,50,2,2,2,75,100,NA,NA,NA,NA,NA,NA,NA,NA,NA,NA,NA,NA,NA,1,NA,1,4,1,1,0,4,NA,1,1256,2701,21,12,1461.8570616,300058,300058,NA,NA,NA,1,NA,NA,NA,NA,NA,NA,NA,NA,2,2,2,2,NA,500,840162.4,NA,NA,NA,840162.4,56.01,20
56000,4,1,NA,NA,12,1,76,10,1,2,100,10,2,2,1,2,2,2,2,NA,NA,NA,NA,NA,NA,2,NA,NA,1,3,3,1,6,NA,NA,5090,977,21,12,178.39372759,2515871,748873,1766998,NA,NA,1,NA,NA,NA,NA,NA,NA,NA,NA,2,2,2,2,NA,500,2096844.4,1855347.9,NA,NA,3952192.3,70.57,44.93
5200,1,NA,NA,NA,12,1,18,1,1,2,100,100,2,2,2,2,1,2,2,NA,NA,NA,NA,NA,NA,NA,NA,NA,0,2,2,0,NA,NA,NA,1330,2868,21,12,1107.7533448,67793,67793,NA,NA,NA,1,NA,NA,NA,NA,NA,NA,NA,NA,2,2,2,2,NA,250,189820.4,NA,NA,NA,189820.4,36.5,13.04
4000,1,NA,NA,NA,12,1,8,0,2,2,100,100,NA,NA,NA,NA,NA,NA,NA,NA,NA,NA,NA,NA,NA,NA,NA,NA,0,0,NA,0,NA,NA,NA,5993,677,21,12,1868.403437,190353,33905,NA,156448,NA,1,NA,NA,NA,NA,NA,NA,NA,NA,2,2,2,2,NA,100,94934,NA,158012.48,NA,252946.48,63.24,47.59
13250,2,NA,NA,NA,12,1,60,1,1,2,100,100,2,2,2,2,1,2,2,NA,NA,NA,NA,NA,NA,NA,NA,NA,1,0,1,0,NA,NA,1,4163,1127,21,12,1145.0798138,604189,150319,453870,NA,NA,1,NA,NA,NA,NA,NA,NA,NA,NA,2,2,2,2,NA,200,420893.2,476563.5,NA,NA,897456.7,67.73,45.6
110000,1,NA,NA,NA,12,1,60,25,2,2,60,60,NA,NA,NA,NA,NA,NA,NA,NA,NA,NA,NA,NA,NA,NA,8,NA,7,60,0,2,20,1,1,2902,1351,21,12,19.690263031,2261665,2261665,NA,NA,NA,1,NA,NA,NA,NA,NA,NA,NA,NA,2,2,2,2,NA,1250,6332662,NA,NA,NA,6332662,57.57,20.56
6000,2,NA,NA,NA,12,1,10,2,2,2,100,100,NA,NA,NA,NA,NA,NA,NA,NA,NA,NA,NA,NA,NA,NA,NA,NA,1,0,1,0,1,NA,NA,3714,1807,21,12,788.00495761,369992,29077,340915,NA,NA,1,NA,NA,NA,NA,NA,NA,NA,NA,2,2,2,2,NA,250,81415.6,357960.75,NA,NA,439376.35,73.23,61.67
16000,2,NA,NA,NA,12,2,2,0,2,2,45,100,NA,NA,NA,NA,NA,NA,NA,NA,NA,NA,NA,NA,NA,NA,NA,NA,0,0,NA,0,NA,NA,NA,2284,1581,21,12,787.07922084,191627,95072,96555,NA,NA,1,NA,NA,NA,NA,NA,NA,NA,NA,2,2,2,2,NA,200,266201.6,101382.75,NA,NA,367584.35,22.97,11.98
30500,1,NA,NA,NA,12,1,80,20,1,2,100,100,2,2,2,1,2,2,2,NA,NA,NA,NA,NA,NA,1,NA,1,15,3,9,3,18,2,3,4730,1199,21,12,657.71092576,2559182,1136994,1422188,NA,NA,1,NA,NA,NA,NA,NA,NA,NA,NA,2,2,2,2,NA,900,3183583.2,1493297.4,NA,NA,4676880.6,153.34,83.91
25000,1,NA,NA,NA,12,1,60,2,1,2,100,100,2,2,2,1,2,2,2,NA,NA,NA,NA,NA,NA,3,NA,NA,2,6,3,0,8,NA,1,4828,1198,21,12,1117.7421223,2055152,829867,1225285,NA,NA,1,NA,NA,NA,NA,NA,NA,NA,NA,2,2,2,2,NA,1500,2323627.6,1286549.25,NA,NA,3610176.85,144.41,82.21
7600,2,NA,NA,NA,12,1,40,3,2,2,100,NA,NA,NA,NA,NA,NA,NA,NA,NA,NA,NA,NA,NA,NA,NA,NA,NA,0,0,NA,0,NA,NA,NA,5489,991,21,12,1162.262962,457145,121150,335995,NA,NA,1,NA,NA,NA,NA,NA,NA,NA,NA,2,2,2,2,NA,500,339220,352794.75,NA,NA,692014.75,91.05,60.15
5000,1,NA,NA,NA,12,1,20,1,1,2,100,100,2,2,2,2,1,2,2,NA,NA,NA,NA,NA,NA,NA,NA,NA,1,0,0,0,NA,NA,NA,795,2794,21,12,1162.262962,51839,51839,NA,NA,NA,1,NA,NA,NA,NA,NA,NA,NA,NA,2,2,2,2,NA,200,145149.2,NA,NA,NA,145149.2,29.03,10.37
17500,3,NA,NA,NA,12,1,20,12,1,2,100,100,2,2,2,2,1,2,2,NA,NA,NA,NA,NA,NA,NA,NA,NA,2,0,2,0,2,NA,NA,4468,1572,21,12,787.07922084,383461,119318,264143,NA,NA,1,NA,NA,NA,NA,NA,NA,NA,NA,2,2,2,2,NA,450,334090.4,277350.15,NA,NA,611440.55,34.94,21.91
2000,2,NA,NA,NA,12,1,15,3,1,2,100,100,2,2,2,2,1,2,2,NA,NA,NA,NA,NA,NA,NA,NA,NA,1,0,3,0,1,NA,1,3676,1724,21,12,1807.4628666,167946,37361,130585,NA,NA,1,NA,NA,NA,NA,NA,NA,NA,NA,2,2,2,2,NA,250,104610.8,137114.25,NA,NA,241725.05,120.86,83.97
14000,1,NA,NA,NA,12,1,30,12,1,2,100,100,2,2,2,2,1,2,2,NA,NA,NA,NA,NA,NA,2,NA,NA,4,2,3,0,3,3,4,5141,867,21,12,1155.42801,655247,110767,544480,NA,NA,1,NA,NA,NA,NA,NA,NA,NA,NA,2,2,2,2,NA,300,310147.6,571704,NA,NA,881851.6,62.99,46.8
32000,3,1,NA,NA,12,1,64,17,1,2,50,40,2,2,2,1,2,1,2,NA,NA,NA,NA,NA,NA,3,NA,NA,15,15,3,0,2,NA,3,4272,1242,21,12,276.95327433,1759251,471484,41820,1245947,NA,1,NA,NA,NA,NA,NA,NA,NA,NA,2,2,2,2,NA,450,1320155.2,43911,1258406.47,NA,2622472.67,81.95,54.98
19500,1,NA,NA,NA,12,1,48,4,1,2,95,95,2,2,2,2,1,2,2,NA,NA,NA,NA,NA,NA,NA,NA,NA,0,2,2,0,3,NA,2,5415,847,21,12,1145.0798138,1033087,262799,770288,NA,NA,1,NA,NA,NA,NA,NA,NA,NA,NA,2,2,2,2,NA,300,735837.2,808802.4,NA,NA,1544639.6,79.21,52.98
29500,4,1,NA,NA,12,1,70,20,1,2,100,60,2,2,2,2,1,2,2,NA,NA,NA,NA,NA,NA,NA,NA,NA,7,0,5,1,3,NA,3,4962,990,21,12,276.95327433,2251716,727336,1524380,NA,NA,1,NA,NA,NA,NA,NA,NA,NA,NA,2,2,2,2,NA,450,2036540.8,1600599,NA,NA,3637139.8,123.29,76.33
3500,1,NA,NA,NA,12,1,8,1,1,2,100,100,2,2,2,2,1,2,2,NA,NA,NA,NA,NA,NA,NA,NA,NA,1,1,1,0,4,NA,NA,545,5221,21,12,1879.4560061,223547,223547,NA,NA,NA,1,NA,NA,NA,NA,NA,NA,NA,NA,2,2,2,2,NA,100,625931.6,NA,NA,NA,625931.6,178.84,63.87
100000,3,1,NA,NA,12,1,80,34,1,2,100,100,1,2,2,2,1,1,2,NA,NA,NA,NA,1,NA,NA,NA,1,38,8,20,4,12,NA,3,4788,1075,21,12,175.75631596,3696049,2208144,NA,1487905,NA,1,NA,NA,NA,NA,NA,NA,1,2,2,2,2,2,NA,1500,6182803.2,NA,1502784.05,NA,7685587.25,76.86,36.96
8900,1,NA,NA,NA,12,1,80,1,2,2,100,100,NA,NA,NA,NA,NA,NA,NA,NA,NA,NA,NA,NA,NA,NA,NA,NA,0,0,NA,0,1,NA,1,4438,1648,21,12,1484.5150471,131233,68093,63140,NA,NA,1,NA,NA,NA,NA,NA,NA,NA,NA,2,2,2,2,NA,300,190660.4,66297,NA,NA,256957.4,28.87,14.75
3600,1,NA,NA,NA,12,1,10,0,1,2,50,50,2,2,2,2,1,2,2,NA,NA,NA,NA,NA,NA,NA,NA,NA,1,0,1,0,1,NA,1,942,949,21,12,1667.7551609,160790,39122,121668,NA,NA,1,NA,NA,NA,NA,NA,NA,NA,NA,2,2,2,2,NA,175,109541.6,127751.4,NA,NA,237293,65.91,44.66
16000,1,NA,NA,NA,12,1,96,2,1,2,100,50,2,2,2,2,1,2,2,NA,NA,NA,NA,NA,NA,NA,NA,NA,3,2,1,0,4,NA,1,6063,872,21,12,904.01813769,162237,162237,NA,NA,NA,1,NA,NA,NA,NA,NA,NA,NA,NA,2,2,2,2,NA,350,454263.6,NA,NA,NA,454263.6,28.39,10.14
28000,3,1,NA,NA,12,1,35,3,1,2,100,75,2,2,2,1,1,2,2,NA,NA,NA,NA,NA,NA,NA,NA,NA,7,2,2,0,NA,NA,NA,4792,1272,21,12,657.71092576,1928276,496248,1432028,NA,NA,1,NA,NA,NA,NA,NA,NA,NA,NA,2,2,2,2,NA,600,1389494.4,1503629.4,NA,NA,2893123.8,103.33,68.87
34000,1,NA,NA,NA,12,1,42,5,2,2,100,100,NA,NA,NA,NA,NA,NA,NA,NA,NA,NA,NA,NA,NA,NA,NA,NA,7,4,2,0,7,NA,2,5053,1060,21,12,1130.4747375,1347283,1347283,NA,NA,NA,1,NA,NA,NA,NA,NA,NA,NA,NA,2,2,2,2,NA,900,3772392.4,NA,NA,NA,3772392.4,110.95,39.63
23250,2,NA,NA,NA,12,1,25,4,1,2,75,75,2,2,2,2,1,2,2,NA,NA,NA,NA,NA,NA,NA,NA,1,3,0,2,0,2,NA,1,2356,1716,21,12,632.51710677,230326,99433,130893,NA,NA,1,NA,NA,NA,NA,NA,NA,NA,NA,2,2,2,2,NA,700,278412.4,137437.65,NA,NA,415850.05,17.89,9.91
18000,1,NA,NA,NA,12,1,35,4,1,2,100,80,2,2,2,1,2,2,2,NA,NA,NA,NA,NA,5,NA,NA,NA,3,2,2,1,3,NA,1,2637,2218,21,12,653.84310688,608415,280620,327795,NA,NA,1,NA,NA,NA,NA,NA,NA,NA,NA,2,2,2,2,NA,350,785736,344184.75,NA,NA,1129920.75,62.77,33.8
15000,1,NA,NA,NA,12,1,50,2,2,2,50,50,NA,NA,NA,NA,NA,NA,NA,NA,NA,NA,NA,NA,NA,NA,NA,NA,2,0,1,1,4,NA,1,1241,729,21,12,787.07922084,163843,150210,13633,NA,NA,1,NA,NA,NA,NA,NA,NA,NA,NA,2,2,2,2,NA,250,420588,14314.65,NA,NA,434902.65,28.99,10.92
16000,1,NA,NA,NA,12,1,20,16,2,2,100,100,NA,NA,NA,NA,NA,NA,NA,NA,NA,NA,NA,NA,NA,NA,NA,NA,0,0,NA,0,NA,NA,NA,2161,533,21,12,941.81790866,798094,276164,521930,NA,NA,1,NA,NA,NA,NA,NA,NA,NA,NA,2,2,2,2,NA,400,773259.2,548026.5,NA,NA,1321285.7,82.58,49.88
27000,3,NA,NA,NA,12,1,60,4,1,2,100,100,2,2,2,2,1,2,2,NA,NA,NA,NA,NA,NA,NA,NA,NA,6,4,3,0,3,NA,NA,2059,2286,21,12,507.98988438,1176622,556907,619715,NA,NA,1,NA,NA,NA,NA,NA,NA,NA,NA,2,2,2,2,NA,450,1559339.6,650700.75,NA,NA,2210040.35,81.85,43.58
5800,2,NA,NA,NA,12,1,60,10,1,2,100,100,2,2,2,1,2,2,2,NA,NA,NA,NA,NA,NA,NA,NA,NA,0,4,1,0,1,NA,1,6231,563,21,12,1667.7551609,336138,115660,220478,NA,NA,1,NA,NA,NA,NA,NA,NA,NA,NA,2,2,2,2,NA,225,323848,231501.9,NA,NA,555349.9,95.75,57.95
17250,1,NA,NA,NA,12,1,20,1,1,2,100,100,2,2,2,1,2,2,2,NA,NA,NA,NA,NA,NA,2,NA,1,0,0,NA,0,NA,NA,NA,5481,876,21,12,1162.262962,330155,330155,NA,NA,NA,1,NA,NA,NA,NA,NA,NA,NA,NA,2,2,2,2,NA,450,924434,NA,NA,NA,924434,53.59,19.14
25000,4,1,NA,NA,12,1,50,5,2,2,100,60,NA,NA,NA,NA,NA,NA,NA,NA,NA,NA,NA,NA,NA,NA,NA,NA,3,2,4,0,3,NA,2,6716,474,21,12,583.6267448,984157,192549,791608,NA,NA,1,NA,NA,NA,NA,NA,NA,NA,NA,2,2,2,2,NA,250,539137.2,831188.4,NA,NA,1370325.6,54.81,39.37
35000,2,NA,NA,NA,12,1,10,1,2,2,50,50,NA,NA,NA,NA,NA,NA,NA,NA,NA,NA,NA,NA,NA,NA,NA,NA,0,0,NA,0,NA,NA,NA,3121,2141,21,12,226.82776714,1956802,621022,1335780,NA,NA,1,NA,NA,NA,NA,NA,NA,NA,NA,2,2,2,2,NA,800,1738861.6,1402569,NA,NA,3141430.6,89.76,55.91
2750,1,NA,NA,NA,12,1,48,1,2,2,90,95,NA,NA,NA,NA,NA,NA,NA,NA,NA,NA,NA,NA,NA,NA,NA,NA,3,2,3,0,2,NA,1,2256,569,21,12,1522.9817889,69692,48167,21525,NA,NA,1,NA,NA,NA,NA,NA,NA,NA,NA,2,2,2,2,NA,150,134867.6,22601.25,NA,NA,157468.85,57.26,25.34
12000,1,NA,NA,NA,12,1,70,2,2,2,100,100,NA,NA,NA,NA,NA,NA,NA,NA,NA,NA,NA,NA,NA,NA,NA,NA,3,0,2,0,NA,NA,2,379,3290,21,12,1162.262962,201683,201683,NA,NA,NA,1,NA,NA,NA,NA,NA,NA,NA,NA,2,2,2,2,NA,250,564712.4,NA,NA,NA,564712.4,47.06,16.81
4500,1,NA,NA,NA,12,1,10,2,2,2,100,100,NA,NA,NA,NA,NA,NA,NA,NA,NA,NA,NA,NA,NA,NA,NA,NA,0,0,NA,0,NA,NA,NA,1340,2440,21,12,1879.4560061,33537,33537,NA,NA,NA,1,NA,NA,NA,NA,NA,NA,NA,NA,2,2,2,2,NA,80,93903.6,NA,NA,NA,93903.6,20.87,7.45
3000,1,NA,NA,NA,12,1,4,1,2,2,100,100,NA,NA,NA,NA,NA,NA,NA,NA,NA,NA,NA,NA,NA,NA,NA,NA,0,0,NA,0,NA,NA,NA,1277,2364,21,12,1107.7533448,12154,12154,NA,NA,NA,1,NA,NA,NA,NA,NA,NA,NA,NA,2,2,2,2,NA,80,34031.2,NA,NA,NA,34031.2,11.34,4.05
17500,1,NA,NA,NA,12,1,20,2,1,2,100,100,2,2,2,1,2,2,2,NA,NA,NA,NA,NA,NA,NA,NA,NA,3,1,2,0,3,NA,2,4941,1052,21,12,904.01813769,401195,92465,308730,NA,NA,1,NA,NA,NA,NA,NA,NA,NA,NA,2,2,2,2,NA,300,258902,324166.5,NA,NA,583068.5,33.32,22.93
1200,1,NA,NA,NA,12,1,30,1,2,2,100,100,NA,NA,NA,NA,NA,NA,NA,NA,NA,NA,NA,NA,NA,NA,NA,NA,2,1,1,0,1,NA,1,1827,2408,21,12,1791.3103533,110784,75729,35055,NA,NA,1,NA,NA,NA,NA,NA,NA,NA,NA,2,2,2,2,NA,150,212041.2,36807.75,NA,NA,248848.95,207.37,92.32
4650,2,NA,NA,NA,12,1,10,2,1,2,100,100,2,2,2,2,1,2,2,NA,NA,NA,NA,NA,NA,NA,NA,NA,0,0,NA,0,NA,NA,NA,7329,796,21,12,1667.7551609,90154,24246,65908,NA,NA,1,NA,NA,NA,NA,NA,NA,NA,NA,2,2,2,2,NA,175,67888.8,69203.4,NA,NA,137092.2,29.48,19.39
14500,2,NA,NA,NA,12,1,40,2,1,2,100,5,2,2,2,2,1,2,2,NA,NA,NA,NA,NA,NA,NA,1,NA,2,0,1,0,1,NA,2,5147,1043,21,12,1851.6697201,542516,87313,455203,NA,NA,1,NA,NA,NA,NA,NA,NA,NA,NA,2,2,2,2,NA,250,244476.4,477963.15,NA,NA,722439.55,49.82,37.41
7500,2,NA,NA,NA,12,1,40,1,2,2,100,100,NA,NA,NA,NA,NA,NA,NA,NA,NA,NA,NA,NA,NA,NA,2,1,2,2,2,0,6,NA,1,1897,2311,21,12,1791.3103533,390439,390439,NA,NA,NA,1,NA,NA,NA,NA,NA,NA,NA,NA,2,2,2,2,NA,500,1093229.2,NA,NA,NA,1093229.2,145.76,52.06
7000,1,NA,NA,NA,12,1,30,2,1,2,100,100,2,2,2,2,1,2,2,NA,NA,NA,NA,NA,NA,NA,NA,NA,3,1,2,0,1,NA,2,3723,1587,21,12,1069.3275783,265836,265836,NA,NA,NA,1,NA,NA,NA,NA,NA,NA,NA,NA,2,2,2,2,NA,175,744340.8,NA,NA,NA,744340.8,106.33,37.98
27000,3,NA,NA,NA,12,1,7,3,1,2,100,100,2,2,2,1,1,2,2,NA,NA,NA,NA,NA,NA,1,NA,1,1,4,1,0,7,NA,1,2389,2206,21,12,857.77359907,547903,234868,313035,NA,NA,1,NA,NA,NA,NA,NA,NA,NA,NA,2,2,2,2,NA,250,657630.4,328686.75,NA,NA,986317.15,36.53,20.29
2000,1,NA,NA,NA,12,1,5,1,1,2,100,100,2,2,2,2,1,2,2,NA,NA,NA,NA,NA,NA,NA,NA,1,0,0,NA,0,1,NA,NA,2634,1609,21,12,1807.4628666,43844,43844,NA,NA,NA,1,NA,NA,NA,NA,NA,NA,NA,NA,2,2,2,2,NA,200,122763.2,NA,NA,NA,122763.2,61.38,21.92
96000,2,NA,NA,NA,12,1,84,22,1,2,100,100,2,2,2,1,2,2,2,NA,NA,NA,NA,NA,NA,NA,NA,NA,15,20,24,1,18,NA,2,5619,915,21,12,1145.0798138,5017222,3222344,1794878,NA,NA,1,NA,NA,NA,NA,NA,NA,NA,NA,2,2,2,2,NA,1500,9022563.2,1884621.9,NA,NA,10907185.1,113.62,52.26
8000,2,NA,NA,NA,12,1,2,1,1,2,100,NA,2,2,2,2,1,2,2,NA,NA,NA,NA,NA,NA,NA,NA,NA,0,0,NA,0,1,NA,NA,7769,390,21,12,1461.8570616,498998,80520,NA,418478,NA,1,NA,NA,NA,NA,NA,NA,NA,NA,2,2,2,2,NA,100,225456,NA,422662.78,NA,648118.78,81.01,62.37
7400,1,NA,NA,NA,12,1,3,1,1,2,66,66,2,2,2,2,1,2,2,NA,NA,NA,NA,NA,NA,NA,NA,NA,1,1,1,0,1,NA,1,5166,1223,21,12,1729.17335,156184,46611,109573,NA,NA,1,NA,NA,NA,NA,NA,NA,NA,NA,2,2,2,2,NA,100,130510.8,115051.65,NA,NA,245562.45,33.18,21.11
11500,1,NA,NA,NA,12,1,16,1,1,2,100,100,2,2,2,2,1,2,2,NA,NA,NA,NA,NA,NA,NA,NA,NA,0,0,NA,1,4,NA,NA,4184,1582,21,12,1274.2560839,356931,86638,270293,NA,NA,1,NA,NA,NA,NA,NA,NA,NA,NA,2,2,2,2,NA,300,242586.4,283807.65,NA,NA,526394.05,45.77,31.04
2950,1,NA,NA,NA,12,1,20,2,2,2,100,NA,NA,NA,NA,NA,NA,NA,NA,NA,NA,NA,NA,NA,NA,NA,NA,NA,1,1,0,0,NA,NA,1,5645,796,21,12,1868.403437,86134,32793,NA,53341,NA,1,NA,NA,NA,NA,NA,NA,NA,NA,2,2,2,2,NA,80,91820.4,NA,53874.41,NA,145694.81,49.39,29.2
23000,3,1,NA,NA,12,1,61,4,1,2,100,100,2,2,2,1,2,2,2,NA,NA,NA,NA,NA,NA,3,NA,NA,1,2,3,0,NA,NA,1,6458,779,21,12,1868.403437,713577,202328,445260,65989,NA,1,NA,NA,NA,NA,NA,NA,NA,NA,2,2,2,2,NA,800,566518.4,467523,66648.89,NA,1100690.29,47.86,31.03
13500,2,1,NA,NA,12,1,14,1,1,2,100,NA,2,2,2,2,1,1,2,NA,NA,NA,NA,NA,NA,NA,NA,NA,1,1,1,0,NA,NA,1,6426,547,21,12,1851.6697201,326887,34475,NA,292412,NA,1,NA,NA,NA,NA,NA,NA,1,1,2,2,2,2,NA,90,96530,NA,295336.12,NA,391866.12,29.03,24.21
1550,1,NA,NA,NA,12,1,8,2,1,2,100,50,2,2,2,2,1,2,2,NA,NA,NA,NA,NA,NA,NA,NA,NA,2,1,1,0,2,NA,NA,5161,1389,21,12,1879.4560061,147714,19486,128228,NA,NA,1,NA,NA,NA,NA,NA,NA,NA,NA,2,2,2,2,NA,100,54560.8,134639.4,NA,NA,189200.2,122.06,95.3
6000,2,NA,NA,NA,12,1,20,2,2,2,100,100,NA,NA,NA,NA,NA,NA,NA,NA,NA,NA,NA,NA,NA,NA,NA,NA,2,0,0,0,1,NA,NA,963,3449,21,12,1162.262962,182153,182153,NA,NA,NA,1,NA,NA,NA,NA,NA,NA,NA,NA,2,2,2,2,NA,125,510028.4,NA,NA,NA,510028.4,85,30.36
8000,1,NA,NA,NA,12,1,20,19,1,2,100,100,2,2,2,2,1,2,2,NA,NA,NA,NA,NA,NA,NA,NA,NA,2,0,2,0,2,NA,1,6928,848,21,12,519.50232556,260943,260943,NA,NA,NA,1,NA,NA,NA,NA,NA,NA,NA,NA,2,2,2,2,NA,600,730640.4,NA,NA,NA,730640.4,91.33,32.62
34000,3,1,NA,NA,12,1,49,8,1,2,100,100,2,2,2,2,1,2,2,NA,NA,NA,NA,NA,NA,NA,NA,1,7,2,6,0,5,NA,1,3326,2000,21,12,217.11766093,1617732,530822,1086910,NA,NA,1,NA,NA,NA,NA,NA,NA,NA,NA,2,2,2,2,NA,900,1486301.6,1141255.5,NA,NA,2627557.1,77.28,47.58
14000,2,NA,NA,NA,12,1,60,6,2,2,100,100,NA,NA,NA,NA,NA,NA,NA,NA,NA,NA,NA,NA,NA,NA,NA,NA,7,1,6,0,2,NA,2,2981,2020,21,12,788.00495761,236198,117605,118593,NA,NA,1,NA,NA,NA,NA,NA,NA,NA,NA,2,2,2,2,NA,450,329294,124522.65,NA,NA,453816.65,32.42,16.87
9100,3,NA,NA,NA,12,1,32,1,1,2,100,100,2,2,2,1,2,2,2,NA,NA,NA,NA,NA,NA,NA,NA,NA,0,1,1,0,4,NA,1,5051,1210,21,12,1484.5150471,245134,93741,151393,NA,NA,1,NA,NA,NA,NA,NA,NA,NA,NA,2,2,2,2,NA,300,262474.8,158962.65,NA,NA,421437.45,46.31,26.94
4000,1,NA,NA,NA,12,1,35,1,1,2,100,100,2,2,2,2,1,2,2,NA,NA,NA,NA,NA,NA,NA,NA,NA,1,1,1,0,1,NA,1,3509,1839,21,12,1484.5150471,46396,46396,NA,NA,NA,1,NA,NA,NA,NA,NA,NA,2,1,2,2,2,2,NA,125,129908.8,NA,NA,NA,129908.8,32.48,11.6
5600,1,NA,NA,NA,12,1,4,1,1,2,100,100,2,2,2,2,1,2,2,NA,NA,NA,NA,NA,NA,NA,NA,NA,0,0,NA,0,NA,NA,NA,3475,1858,21,12,1729.17335,180746,24126,156620,NA,NA,1,NA,NA,NA,NA,NA,NA,NA,NA,2,2,2,2,NA,125,67552.8,164451,NA,NA,232003.8,41.43,32.28
6500,2,NA,NA,NA,12,1,70,9,2,2,45,80,NA,NA,NA,NA,NA,NA,NA,NA,NA,NA,NA,NA,NA,NA,NA,NA,16,3,1,0,3,NA,1,3290,1322,21,12,1117.7421223,330915,328303,NA,2612,NA,1,NA,NA,NA,NA,NA,NA,NA,NA,2,2,2,2,NA,200,919248.4,NA,2638.12,NA,921886.52,141.83,50.91
11500,1,NA,NA,NA,12,1,12,4,1,2,20,20,2,2,2,1,2,2,2,NA,NA,NA,NA,NA,NA,NA,NA,NA,3,2,2,0,3,NA,NA,4238,1250,21,12,279.45612766,323737,323737,NA,NA,NA,1,NA,NA,NA,NA,NA,NA,NA,NA,2,2,2,2,NA,600,906463.6,NA,NA,NA,906463.6,78.82,28.15
14000,1,NA,NA,NA,12,1,20,19,1,2,100,100,2,2,2,2,1,2,2,NA,NA,NA,NA,NA,NA,NA,NA,NA,3,0,3,0,2,NA,1,4577,880,21,12,647.9871845,636421,136016,500405,NA,NA,1,NA,NA,NA,NA,NA,NA,NA,NA,2,2,2,2,NA,800,380844.8,525425.25,NA,NA,906270.05,64.73,45.46
4600,1,NA,NA,NA,12,1,24,1,2,2,100,100,NA,NA,NA,NA,NA,NA,NA,NA,NA,NA,NA,NA,NA,NA,NA,NA,2,0,2,0,1,NA,NA,4704,1167,21,12,751.72654486,35717,35717,NA,NA,NA,1,NA,NA,NA,NA,NA,NA,NA,NA,2,2,2,2,NA,250,100007.6,NA,NA,NA,100007.6,21.74,7.76
23000,1,NA,NA,NA,12,1,20,19,1,2,100,100,2,2,2,2,1,2,2,NA,NA,NA,NA,NA,NA,NA,NA,NA,3,0,3,0,2,NA,1,4664,900,21,12,647.9871845,2236206,301826,1934380,NA,NA,1,NA,NA,NA,NA,NA,NA,NA,NA,2,2,2,2,NA,800,845112.8,2031099,NA,NA,2876211.8,125.05,97.23
5400,1,NA,NA,NA,12,1,10,3,1,2,100,90,2,2,2,2,1,2,2,NA,NA,NA,NA,NA,NA,NA,NA,NA,2,0,2,1,5,NA,1,838,3185,21,12,1879.4560061,89626,80298,9328,NA,NA,1,NA,NA,NA,NA,NA,NA,NA,NA,2,2,2,2,NA,200,224834.4,9794.4,NA,NA,234628.8,43.45,16.6
19000,2,NA,NA,NA,12,1,50,2,1,2,100,20,2,2,2,1,2,2,2,NA,NA,NA,NA,NA,NA,1,NA,NA,5,0,2,0,4,NA,1,1758,260,21,12,1031.3463294,610145,419290,190855,NA,NA,2,17,18,NA,30,70,NA,NA,NA,2,2,2,2,NA,250,1174012,200397.75,NA,NA,1374409.75,72.34,32.11
5000,1,NA,NA,NA,12,1,10,7,2,2,100,100,NA,NA,NA,NA,NA,NA,NA,NA,NA,NA,NA,NA,NA,NA,NA,NA,1,1,1,0,NA,NA,1,3818,1427,21,12,1807.4628666,132943,47570,NA,85373,NA,1,NA,NA,NA,NA,NA,NA,NA,NA,2,2,2,2,NA,400,133196,NA,86226.73,NA,219422.73,43.88,26.59
12000,1,NA,NA,NA,12,1,16,4,2,2,50,50,NA,NA,NA,NA,NA,NA,NA,NA,NA,NA,NA,NA,NA,NA,NA,NA,0,0,NA,0,1,NA,NA,704,4397,21,12,1461.8570616,45680,45680,NA,NA,NA,1,NA,NA,NA,NA,NA,NA,NA,NA,2,2,2,2,NA,100,127904,NA,NA,NA,127904,10.66,3.81
4000,1,NA,NA,NA,12,1,12,1,1,2,100,100,2,2,2,2,1,2,2,NA,NA,NA,NA,NA,NA,NA,NA,NA,1,1,1,1,3,NA,1,5990,721,21,12,1729.17335,87665,87665,NA,NA,NA,1,NA,NA,NA,NA,NA,NA,NA,NA,2,2,2,2,NA,125,245462,NA,NA,NA,245462,61.37,21.92
11000,2,NA,NA,NA,12,1,64,9,1,2,100,60,2,2,2,2,1,2,2,NA,NA,NA,NA,NA,NA,NA,1,NA,5,7,1,0,8,NA,2,6675,183,21,12,1023.6082023,390556,349351,41205,NA,NA,1,NA,NA,NA,NA,NA,NA,NA,NA,2,2,2,2,NA,350,978182.8,43265.25,NA,NA,1021448.05,92.86,35.51
3400,2,NA,NA,NA,12,1,5,2,2,2,100,100,NA,NA,NA,NA,NA,NA,NA,NA,NA,NA,NA,NA,NA,NA,NA,NA,0,0,NA,0,NA,NA,NA,3858,1233,21,12,1807.4628666,107041,107041,NA,NA,NA,1,NA,NA,NA,NA,NA,NA,NA,NA,2,2,2,2,NA,150,299714.8,NA,NA,NA,299714.8,88.15,31.48
1400,1,NA,NA,NA,12,1,25,1,2,2,70,70,NA,NA,NA,NA,NA,NA,NA,NA,NA,NA,NA,NA,NA,NA,NA,NA,3,0,2,0,NA,NA,NA,2753,1263,21,12,1522.9817889,52390,15900,36490,NA,NA,1,NA,NA,NA,NA,NA,NA,NA,NA,2,2,2,2,NA,70,44520,38314.5,NA,NA,82834.5,59.17,37.42
10500,1,NA,NA,NA,12,1,12,5,1,2,100,100,2,2,2,2,1,2,2,NA,NA,NA,NA,NA,NA,NA,NA,NA,6,3,1,1,NA,NA,1,972,3779,21,12,1155.42801,1051689,504236,547453,NA,NA,1,NA,NA,NA,NA,NA,NA,NA,NA,2,2,2,2,NA,450,1411860.8,574825.65,NA,NA,1986686.45,189.21,100.16
1200,1,NA,NA,NA,12,1,4,1,1,2,100,100,2,2,2,2,1,2,2,NA,NA,NA,NA,NA,NA,NA,NA,NA,0,0,NA,0,NA,NA,1,3691,1478,21,12,1791.3103533,43032,43032,NA,NA,NA,1,NA,NA,NA,NA,NA,NA,NA,NA,2,2,2,2,NA,100,120489.6,NA,NA,NA,120489.6,100.41,35.86
3000,1,NA,NA,NA,12,1,5,1,2,2,100,100,NA,NA,NA,NA,NA,NA,NA,NA,NA,NA,NA,NA,NA,NA,NA,NA,0,0,NA,0,NA,NA,NA,2654,1844,21,12,1522.9817889,16333,16333,NA,NA,NA,1,NA,NA,NA,NA,NA,NA,2,2,2,2,2,2,NA,150,45732.4,NA,NA,NA,45732.4,15.24,5.44
80000,2,1,NA,NA,12,1,86,70,1,2,99,99,2,2,2,1,1,2,2,NA,NA,NA,NA,NA,NA,NA,3,2,100,15,10,2,35,NA,4,2683,1663,21,12,251.43274881,1533511,95846,1437665,NA,NA,1,NA,NA,NA,NA,NA,NA,NA,NA,2,2,2,2,NA,900,268368.8,1509548.25,NA,NA,1777917.05,22.22,19.17
10000,2,NA,NA,NA,12,1,8,4,1,2,100,100,2,2,2,2,1,2,2,NA,NA,NA,NA,NA,NA,NA,NA,NA,1,0,1,0,1,NA,1,2670,1568,21,12,1522.9817889,281345,95065,NA,186280,NA,1,NA,NA,NA,NA,NA,NA,NA,NA,2,2,2,2,NA,25,266182,NA,188142.8,NA,454324.8,45.43,28.13
5800,3,NA,NA,NA,12,1,46,10,2,2,100,100,NA,NA,NA,NA,NA,NA,NA,NA,NA,NA,NA,NA,NA,NA,NA,NA,7,1,7,0,8,NA,3,1893,2143,21,12,941.81790866,939091,222411,716680,NA,NA,1,NA,NA,NA,NA,NA,NA,NA,NA,2,2,2,2,NA,125,622750.8,752514,NA,NA,1375264.8,237.11,161.91
7500,2,NA,NA,NA,12,1,50,1,1,2,100,25,2,2,2,1,2,2,2,NA,NA,NA,NA,NA,NA,NA,NA,NA,2,6,2,1,1,NA,1,3990,1436,21,12,1145.0798138,508925,113480,395445,NA,NA,1,NA,NA,NA,NA,NA,NA,NA,NA,2,2,2,2,NA,175,317744,415217.25,NA,NA,732961.25,97.73,67.86
5600,2,NA,NA,NA,12,1,7,6,2,2,100,NA,NA,NA,NA,NA,NA,NA,NA,NA,NA,NA,NA,NA,NA,NA,NA,NA,0,2,0,0,1,NA,NA,1096,1324,21,12,1667.7551609,51484,4231,47253,NA,NA,1,NA,NA,NA,NA,NA,NA,NA,NA,2,2,2,2,NA,200,11846.8,49615.65,NA,NA,61462.45,10.98,9.19
5000,1,NA,NA,NA,12,1,4,1,2,2,100,100,NA,NA,NA,NA,NA,NA,NA,NA,NA,NA,NA,NA,NA,NA,NA,NA,0,0,NA,0,NA,NA,NA,2334,846,21,12,503.86330813,567686,165066,402620,NA,NA,1,NA,NA,NA,NA,NA,NA,NA,NA,2,2,2,2,NA,350,462184.8,422751,NA,NA,884935.8,176.99,113.54
28000,2,NA,NA,NA,12,1,12,3,2,2,70,70,NA,NA,NA,NA,NA,NA,NA,NA,NA,NA,NA,NA,NA,2,NA,NA,6,0,1,0,NA,NA,1,1710,2863,21,12,1107.7533448,305282,305282,NA,NA,NA,1,NA,NA,NA,NA,NA,NA,NA,NA,2,2,2,2,NA,400,854789.6,NA,NA,NA,854789.6,30.53,10.9
16000,1,NA,NA,NA,12,1,20,20,1,2,100,100,2,2,2,2,1,2,2,NA,NA,NA,NA,NA,NA,NA,NA,NA,4,4,4,0,2,NA,1,5354,1154,21,12,918.02992474,542777,203502,339275,NA,NA,1,NA,NA,NA,NA,NA,NA,NA,NA,2,2,2,2,NA,600,569805.6,356238.75,NA,NA,926044.35,57.88,33.92
2000,2,NA,NA,NA,12,1,4,4,1,2,100,100,2,2,2,2,1,2,2,NA,NA,NA,NA,NA,NA,NA,NA,NA,0,0,NA,0,NA,NA,NA,3321,1814,21,12,1729.17335,15907,15907,NA,NA,NA,1,NA,NA,NA,NA,NA,NA,NA,NA,2,2,2,2,NA,50,44539.6,NA,NA,NA,44539.6,22.27,7.95
3100,1,NA,NA,NA,12,1,6,1,1,2,100,100,2,2,2,2,1,2,2,NA,NA,NA,NA,NA,NA,NA,NA,NA,0,0,NA,0,NA,NA,NA,3863,1479,21,12,1791.3103533,21966,21966,NA,NA,NA,1,NA,NA,NA,NA,NA,NA,3,1,2,2,2,2,NA,70,61504.8,NA,NA,NA,61504.8,19.84,7.09
7000,1,NA,NA,NA,10,1,77,2,1,2,100,100,2,2,2,2,1,2,2,NA,NA,NA,NA,NA,NA,NA,NA,NA,6,5,2,0,4,NA,NA,2721,2368,21,12,1807.4628666,761643,82785,678858,NA,NA,1,NA,NA,NA,NA,NA,NA,NA,NA,2,2,2,2,NA,80,231798,712800.9,NA,NA,944598.9,134.94,108.81
54000,4,NA,NA,NA,12,1,80,30,1,2,100,50,2,2,2,1,2,1,2,NA,NA,NA,NA,NA,NA,2,NA,1,12,2,12,1,2,NA,3,4019,1310,21,12,54.139042181,1062734,931636,131098,NA,NA,1,NA,NA,NA,NA,NA,NA,NA,NA,2,2,2,2,NA,1000,2608580.8,137652.9,NA,NA,2746233.7,50.86,19.68
7400,1,NA,NA,NA,12,1,30,1,2,2,100,90,NA,NA,NA,NA,NA,NA,NA,NA,NA,NA,NA,NA,NA,NA,NA,NA,0,0,NA,0,NA,NA,NA,2735,1077,21,12,941.81790866,380145,207330,172815,NA,NA,1,NA,NA,NA,NA,NA,NA,NA,NA,2,2,2,2,NA,500,580524,181455.75,NA,NA,761979.75,102.97,51.37
17500,1,NA,NA,NA,12,1,20,19,1,2,100,100,2,2,2,2,1,2,2,NA,NA,NA,NA,NA,NA,NA,NA,NA,3,0,1,0,2,NA,1,3237,1910,21,12,632.51710677,941820,403080,538740,NA,NA,1,NA,NA,NA,NA,NA,NA,NA,NA,2,2,2,2,NA,800,1128624,565677,NA,NA,1694301,96.82,53.82
12250,1,NA,NA,NA,12,1,5,1,2,2,100,100,NA,NA,NA,NA,NA,NA,NA,NA,NA,NA,NA,NA,NA,NA,NA,1,1,0,2,0,2,NA,1,2684,1362,21,12,1117.7421223,611058,611058,NA,NA,NA,1,NA,NA,NA,NA,NA,NA,NA,NA,2,2,2,2,NA,125,1710962.4,NA,NA,NA,1710962.4,139.67,49.88
16750,2,NA,NA,NA,12,1,45,3,1,2,100,100,2,2,2,1,2,2,2,NA,NA,NA,NA,NA,NA,NA,NA,1,2,3,2,0,3,NA,1,2369,1543,21,12,1117.7421223,306179,138694,167485,NA,NA,1,NA,NA,NA,NA,NA,NA,NA,NA,2,2,2,2,NA,200,388343.2,175859.25,NA,NA,564202.45,33.68,18.28
1800,1,NA,NA,NA,12,1,6,4,2,2,100,100,NA,NA,NA,NA,NA,NA,NA,NA,NA,NA,NA,NA,NA,NA,NA,NA,0,0,NA,0,NA,NA,NA,1935,1914,21,12,1522.9817889,80785,26255,54530,NA,NA,1,NA,NA,NA,NA,NA,NA,NA,NA,2,2,2,2,NA,175,73514,57256.5,NA,NA,130770.5,72.65,44.88
96000,4,2,NA,NA,12,1,60,25,1,2,60,60,2,2,2,1,2,2,2,NA,NA,NA,NA,NA,NA,2,NA,1,20,10,7,2,10,NA,4,336,3918,21,12,54.139042181,5165701,5062176,103525,0,NA,1,NA,NA,NA,NA,NA,NA,NA,NA,2,2,2,2,NA,1250,14174092.8,108701.25,0,NA,14282794.05,148.78,53.81
6000,3,NA,NA,NA,12,1,24,1,1,2,100,100,2,2,2,2,1,2,2,NA,NA,NA,NA,NA,NA,NA,NA,NA,1,1,1,0,4,NA,NA,6962,753,21,12,1274.2560839,270413,74023,196390,NA,NA,1,NA,NA,NA,NA,NA,NA,NA,NA,2,2,2,2,NA,150,207264.4,206209.5,NA,NA,413473.9,68.91,45.07
22000,2,NA,NA,NA,12,1,40,3,1,2,100,100,2,2,2,2,1,2,2,NA,NA,NA,NA,NA,NA,NA,NA,2,3,3,2,1,17,NA,1,2395,2409,21,12,3782.1801042,483184,483184,NA,NA,NA,1,NA,NA,NA,NA,NA,NA,NA,NA,2,2,2,2,NA,250,1352915.2,NA,NA,NA,1352915.2,61.5,21.96
4700,1,NA,NA,NA,12,1,4,7,1,2,100,100,2,2,2,2,1,2,2,NA,NA,NA,NA,NA,NA,1,NA,NA,1,0,1,0,1,NA,1,1285,2296,21,12,1107.7533448,91148,91148,NA,NA,NA,1,NA,NA,NA,NA,NA,NA,NA,NA,2,2,2,2,NA,300,255214.4,NA,NA,NA,255214.4,54.3,19.39
3500,1,NA,NA,NA,12,1,6,0,2,2,100,100,NA,NA,NA,NA,NA,NA,NA,NA,NA,NA,NA,NA,NA,NA,NA,NA,0,0,NA,0,1,NA,NA,948,3627,21,12,1879.4560061,14576,14576,NA,NA,NA,1,NA,NA,NA,NA,NA,NA,NA,NA,2,2,2,2,NA,125,40812.8,NA,NA,NA,40812.8,11.66,4.16
23000,1,NA,NA,NA,12,1,10,1,1,2,30,30,2,2,2,2,1,2,2,NA,NA,NA,NA,NA,NA,NA,NA,NA,1,2,1,0,NA,NA,1,3045,1653,21,12,897.68590511,197801,60143,137658,NA,NA,1,NA,NA,NA,NA,NA,NA,NA,NA,2,2,2,2,NA,500,168400.4,144540.9,NA,NA,312941.3,13.61,8.6
54000,2,NA,NA,NA,12,1,50,2,1,2,50,NA,2,2,2,2,1,2,2,NA,NA,NA,NA,NA,NA,NA,NA,NA,1,0,0,0,NA,NA,1,6603,565,21,12,653.84310688,1601999,747764,854235,NA,NA,1,NA,NA,NA,NA,NA,NA,NA,NA,2,2,2,2,NA,700,2093739.2,896946.75,NA,NA,2990685.95,55.38,29.67
7600,2,NA,NA,NA,12,1,22,1,2,2,100,100,NA,NA,NA,NA,NA,NA,NA,NA,NA,NA,NA,NA,NA,NA,NA,NA,1,0,1,0,NA,NA,1,3999,1442,21,12,1807.4628666,239584,239584,NA,NA,NA,1,NA,NA,NA,NA,NA,NA,NA,NA,2,2,2,2,NA,350,670835.2,NA,NA,NA,670835.2,88.27,31.52
2700,1,NA,NA,NA,12,1,4,4,2,2,100,100,NA,NA,NA,NA,NA,NA,NA,NA,NA,NA,NA,NA,NA,NA,NA,NA,0,0,NA,0,NA,NA,NA,3036,2052,21,12,1807.4628666,58898,58898,NA,NA,NA,1,NA,NA,NA,NA,NA,NA,NA,NA,2,2,2,2,NA,175,164914.4,NA,NA,NA,164914.4,61.08,21.81
34000,2,NA,NA,NA,12,1,24,6,1,2,100,25,2,2,2,2,1,2,2,NA,NA,NA,NA,NA,NA,NA,NA,1,0,0,NA,3,3,1,NA,1599,2782,21,12,1867.0570666,786311,190888,595423,NA,NA,1,NA,NA,NA,NA,NA,NA,NA,NA,2,2,2,2,NA,700,534486.4,625194.15,NA,NA,1159680.55,34.11,23.13
7300,2,NA,NA,NA,12,1,60,5,2,2,100,75,NA,NA,NA,NA,NA,NA,NA,NA,NA,NA,NA,NA,NA,NA,NA,NA,2,5,3,2,2,NA,NA,6560,876,21,12,1559.8286174,282348,128598,153750,NA,NA,1,NA,NA,NA,NA,NA,NA,NA,NA,2,2,2,2,NA,225,360074.4,161437.5,NA,NA,521511.9,71.44,38.68
31000,1,NA,NA,NA,12,1,80,3,1,2,40,100,2,2,2,2,1,1,2,NA,NA,NA,NA,NA,NA,NA,NA,NA,11,8,11,0,3,1,2,846,3584,21,12,657.71092576,1041673,1041673,NA,NA,NA,1,NA,NA,NA,NA,NA,NA,NA,NA,2,2,2,2,NA,1000,2916684.4,NA,NA,NA,2916684.4,94.09,33.6
8000,2,NA,NA,NA,12,1,15,3,1,2,100,66,1,2,2,2,1,1,2,NA,NA,NA,NA,NA,NA,NA,NA,NA,2,2,1,0,2,NA,1,5249,935,21,12,1879.4560061,193742,59672,134070,NA,NA,1,NA,NA,NA,NA,NA,NA,NA,NA,2,2,2,2,NA,150,167081.6,140773.5,NA,NA,307855.1,38.48,24.22
96000,2,NA,NA,NA,12,1,48,26,1,2,80,60,2,2,2,2,1,2,2,NA,NA,NA,NA,NA,NA,NA,NA,1,10,6,10,1,1,NA,2,2893,1642,21,12,2003.5261232,2008834,1223069,785765,NA,NA,1,NA,NA,NA,NA,NA,NA,NA,NA,2,2,2,2,NA,700,3424593.2,825053.25,NA,NA,4249646.45,44.27,20.93
1800,1,NA,NA,NA,12,1,8,3,2,2,100,100,NA,NA,NA,NA,NA,NA,NA,NA,NA,NA,NA,NA,NA,NA,NA,NA,0,2,0,0,NA,NA,NA,4047,1374,21,12,1807.4628666,13938,13938,NA,NA,NA,1,NA,NA,NA,NA,NA,NA,2,2,2,2,2,2,NA,100,39026.4,NA,NA,NA,39026.4,21.68,7.74
42000,2,1,NA,NA,12,1,54,32,1,2,100,100,2,2,1,2,2,1,2,NA,NA,NA,NA,1,NA,NA,2,1,13,3,9,2,18,NA,3,2406,3060,21,12,226.82776714,2224574,1282189,942385,NA,NA,1,NA,NA,NA,NA,NA,NA,NA,NA,2,2,2,2,NA,600,3590129.2,989504.25,NA,NA,4579633.45,109.04,52.97
34000,2,NA,NA,NA,12,1,15,5,1,2,50,40,2,2,2,1,1,2,2,NA,NA,NA,NA,NA,NA,3,NA,NA,0,0,NA,0,4,NA,NA,3979,1458,21,12,647.9871845,551936,125023,426913,NA,NA,1,NA,NA,NA,NA,NA,NA,NA,NA,2,2,2,2,NA,600,350064.4,448258.65,NA,NA,798323.05,23.48,16.23
11500,1,NA,NA,NA,12,1,23,3,2,2,100,100,NA,NA,NA,NA,NA,NA,NA,NA,NA,NA,NA,NA,NA,NA,NA,NA,1,0,1,0,1,NA,NA,5727,728,21,12,1145.0798138,1156252,294534,861718,NA,NA,1,NA,NA,NA,NA,NA,NA,NA,NA,2,2,2,2,NA,600,824695.2,904803.9,NA,NA,1729499.1,150.39,100.54
5000,1,NA,NA,NA,12,1,75,4,1,2,100,100,1,2,2,2,1,2,2,NA,NA,NA,NA,NA,NA,NA,NA,NA,8,1,1,0,1,NA,1,2059,1731,21,12,1667.7551609,366695,256405,110290,NA,NA,1,NA,NA,NA,NA,NA,NA,NA,NA,2,2,2,2,NA,700,717934,115804.5,NA,NA,833738.5,166.75,73.34
6000,1,NA,NA,NA,12,1,8,11,1,2,100,100,2,2,2,2,1,2,2,NA,NA,NA,NA,NA,NA,NA,NA,NA,1,1,1,0,NA,NA,1,3458,1436,21,12,1807.4628666,109239,58809,50430,NA,NA,1,NA,NA,NA,NA,NA,NA,NA,NA,2,2,2,2,NA,125,164665.2,52951.5,NA,NA,217616.7,36.27,18.21
7000,1,NA,NA,NA,12,1,10,1,1,2,100,100,2,2,2,2,1,2,2,NA,NA,NA,NA,NA,NA,NA,NA,NA,1,1,1,1,1,NA,1,3709,1406,21,12,1791.3103533,225405,42442,182963,NA,NA,1,NA,NA,NA,NA,NA,NA,NA,NA,2,2,2,2,NA,100,118837.6,192111.15,NA,NA,310948.75,44.42,32.2
3000,1,NA,NA,NA,12,1,5,1,1,2,100,100,2,2,2,2,1,2,2,NA,NA,NA,NA,NA,NA,NA,NA,NA,0,0,NA,0,NA,NA,NA,4397,1031,21,12,1791.3103533,87803,24150,63653,NA,NA,1,NA,NA,NA,NA,NA,NA,NA,NA,2,2,2,2,NA,80,67620,66835.65,NA,NA,134455.65,44.82,29.27
28000,2,NA,NA,NA,12,1,25,2,1,2,50,50,2,2,2,2,1,2,2,NA,NA,NA,NA,NA,NA,NA,NA,NA,3,2,2,0,NA,NA,1,3335,1479,21,12,23.717553485,542433,170665,371768,NA,NA,1,NA,NA,NA,NA,NA,NA,NA,NA,2,2,2,2,NA,450,477862,390356.4,NA,NA,868218.4,31.01,19.37
24500,2,1,NA,NA,12,1,48,8,1,2,100,40,2,2,2,1,2,2,2,NA,NA,NA,NA,NA,NA,NA,NA,NA,15,0,6,1,3,NA,1,4262,1096,21,12,579.24782974,1277159,470586,806573,NA,NA,1,NA,NA,NA,NA,NA,NA,NA,NA,2,2,2,2,NA,500,1317640.8,846901.65,NA,NA,2164542.45,88.35,52.13
10001,2,NA,NA,NA,12,1,24,2,1,2,100,100,2,2,2,2,1,2,2,NA,NA,NA,NA,NA,NA,NA,NA,NA,3,1,2,0,4,NA,1,3225,2181,21,12,1069.3275783,600610,82267,518343,NA,NA,1,NA,NA,NA,NA,NA,NA,NA,NA,2,2,2,2,NA,125,230347.6,544260.15,NA,NA,774607.75,77.45,60.05
4850,1,NA,NA,NA,12,1,4,0,2,2,85,85,NA,NA,NA,NA,NA,NA,NA,NA,NA,NA,NA,NA,NA,NA,NA,NA,1,0,1,0,3,NA,1,555,3398,21,12,1162.262962,122023,122023,NA,NA,NA,1,NA,NA,NA,NA,NA,NA,NA,NA,2,2,2,2,NA,200,341664.4,NA,NA,NA,341664.4,70.45,25.16
17000,1,NA,NA,NA,12,1,65,3,2,2,100,50,NA,NA,NA,NA,NA,NA,NA,NA,NA,NA,NA,NA,NA,NA,NA,NA,0,0,NA,0,NA,NA,NA,4965,1150,21,12,65.05293814,2238569,437081,NA,1801488,NA,1,NA,NA,NA,NA,NA,NA,NA,NA,2,2,2,2,NA,1250,1223826.8,NA,1819502.88,NA,3043329.68,179.02,131.68
120000,5,2,NA,NA,12,1,91,40,1,2,90,95,2,2,2,1,2,1,2,NA,NA,NA,NA,1,NA,NA,2,1,32,18,16,2,6,NA,6,2893,2005,21,12,579.24782974,6734542,5309792,1424750,NA,NA,1,NA,NA,NA,NA,NA,NA,NA,NA,2,2,2,2,NA,1000,14867417.6,1495987.5,NA,NA,16363405.1,136.36,56.12
43500,3,NA,NA,NA,12,2,12,5,1,2,12,100,2,2,2,1,1,2,2,NA,NA,NA,NA,1,NA,NA,2,NA,7,5,4,1,4,NA,2,5702,965,21,12,281.10925465,1639045,398180,1240865,NA,NA,1,NA,NA,NA,NA,NA,NA,NA,NA,2,2,2,2,NA,600,1114904,1302908.25,NA,NA,2417812.25,55.58,37.68
3000,1,NA,NA,NA,12,1,1,1,2,2,100,100,NA,NA,NA,NA,NA,NA,NA,NA,NA,NA,NA,NA,NA,NA,NA,NA,0,0,NA,0,NA,NA,NA,301,3822,21,12,1879.4560061,45328,45328,NA,NA,NA,1,NA,NA,NA,NA,NA,NA,NA,NA,2,2,2,2,NA,100,126918.4,NA,NA,NA,126918.4,42.31,15.11
16000,1,NA,NA,NA,12,1,70,4,2,2,100,NA,NA,NA,NA,NA,NA,NA,NA,NA,NA,NA,NA,NA,NA,NA,NA,NA,0,0,NA,0,NA,NA,NA,5325,1277,21,12,178.39372759,2155446,284411,1871035,NA,NA,1,NA,NA,NA,NA,NA,NA,NA,NA,2,2,2,2,NA,350,796350.8,1964586.75,NA,NA,2760937.55,172.56,134.72
49000,2,1,NA,NA,12,1,64,10,2,2,50,70,NA,NA,NA,NA,NA,NA,NA,NA,NA,NA,NA,NA,NA,NA,NA,NA,15,5,10,1,6,1,3,1899,1109,21,12,583.6267448,647775,278365,369410,NA,NA,1,NA,NA,NA,NA,NA,NA,NA,NA,2,2,2,2,NA,1000,779422,387880.5,NA,NA,1167302.5,23.82,13.22
59000,2,1,NA,NA,12,1,51,65,2,2,25,25,NA,NA,NA,NA,NA,NA,NA,NA,NA,NA,NA,NA,NA,NA,NA,NA,50,0,10,5,5,NA,4,764,1747,21,12,487.77974114,641992,641992,NA,NA,NA,1,NA,NA,NA,NA,NA,NA,NA,NA,2,2,2,2,NA,900,1797577.6,NA,NA,NA,1797577.6,30.47,10.88
3750,1,NA,NA,NA,12,1,10,1,1,2,100,100,2,2,2,2,1,2,2,NA,NA,NA,NA,NA,NA,NA,NA,NA,1,2,1,0,4,NA,2,3215,1929,21,12,1807.4628666,129624,50289,79335,NA,NA,1,NA,NA,NA,NA,NA,NA,NA,NA,2,2,2,2,NA,100,140809.2,83301.75,NA,NA,224110.95,59.76,34.57
39000,2,1,NA,NA,12,1,105,10,2,2,100,100,NA,NA,NA,NA,NA,NA,NA,NA,NA,NA,NA,NA,NA,NA,NA,NA,6,0,5,0,5,NA,1,4895,1056,21,12,177.34464265,2757053,1325538,1431515,NA,NA,1,NA,NA,NA,NA,NA,NA,NA,NA,2,2,2,2,NA,1000,3711506.4,1503090.75,NA,NA,5214597.15,133.71,70.69
25000,3,1,NA,NA,12,1,55,5,1,2,100,100,2,2,2,2,1,2,2,NA,NA,NA,NA,NA,NA,NA,NA,NA,1,3,2,1,1,NA,NA,4560,1031,21,12,1145.0798138,1426035,261840,1164195,NA,NA,1,NA,NA,NA,NA,NA,NA,NA,NA,2,2,2,2,NA,300,733152,1222404.75,NA,NA,1955556.75,78.22,57.04
18000,1,NA,NA,NA,12,1,20,19,1,2,100,100,2,2,2,2,1,2,2,NA,NA,NA,NA,NA,NA,NA,NA,NA,4,0,4,0,2,NA,1,4041,1006,21,12,918.02992474,565651,146221,419430,NA,NA,1,NA,NA,NA,NA,NA,NA,NA,NA,2,2,2,2,NA,1500,409418.8,440401.5,NA,NA,849820.3,47.21,31.43
2800,2,NA,NA,NA,12,1,6,6,2,2,100,50,NA,NA,NA,NA,NA,NA,NA,NA,NA,NA,NA,NA,NA,NA,NA,NA,1,0,1,0,1,NA,NA,7170,178,21,12,1023.6082023,95280,95280,NA,NA,NA,1,NA,NA,NA,NA,NA,NA,NA,NA,2,2,2,2,NA,150,266784,NA,NA,NA,266784,95.28,34.03
35000,2,NA,NA,NA,12,1,20,5,1,2,100,100,2,2,1,2,2,2,2,NA,NA,NA,NA,NA,NA,3,NA,NA,3,1,3,1,1,NA,1,1669,2441,21,12,1117.7421223,3198764,588601,2610163,NA,NA,1,NA,NA,NA,NA,NA,NA,NA,NA,2,2,2,2,NA,500,1648082.8,2740671.15,NA,NA,4388753.95,125.39,91.39
5400,1,NA,NA,NA,12,1,10,2,1,2,100,100,2,2,2,2,1,2,2,NA,NA,NA,NA,NA,NA,NA,NA,NA,0,0,NA,0,1,NA,NA,3820,2040,21,12,1807.4628666,277585,126500,151085,NA,NA,1,NA,NA,NA,NA,NA,NA,NA,NA,2,2,2,2,NA,200,354200,158639.25,NA,NA,512839.25,94.97,51.4
2200,1,NA,NA,NA,12,1,13,0,1,2,100,100,2,2,2,2,1,2,2,NA,NA,NA,NA,NA,NA,NA,NA,NA,0,0,NA,0,NA,NA,NA,2625,1866,21,12,1807.4628666,15209,6189,9020,NA,NA,1,NA,NA,NA,NA,NA,NA,NA,NA,2,2,2,2,NA,80,17329.2,9471,NA,NA,26800.2,12.18,6.91
17250,2,NA,NA,NA,12,1,12,1,2,2,100,NA,NA,NA,NA,NA,NA,NA,NA,NA,NA,NA,NA,NA,NA,NA,NA,NA,2,1,1,0,NA,NA,1,7277,444,21,12,1145.0798138,363815,93124,NA,270691,NA,1,NA,NA,NA,NA,NA,NA,NA,NA,2,2,2,2,NA,500,260747.2,NA,273397.91,NA,534145.11,30.96,21.09
33500,2,NA,NA,NA,12,1,35,3,1,2,100,100,2,2,2,1,2,2,2,NA,NA,NA,NA,NA,NA,NA,NA,1,2,1,3,0,1,NA,2,3049,2023,21,12,507.98988438,464346,229518,234828,NA,NA,1,NA,NA,NA,NA,NA,NA,NA,NA,2,2,2,2,NA,300,642650.4,246569.4,NA,NA,889219.8,26.54,13.86
16500,2,NA,NA,NA,12,1,5,8,1,2,100,100,2,2,2,1,2,2,2,NA,NA,NA,NA,NA,NA,NA,NA,NA,0,0,NA,0,NA,NA,NA,896,2995,21,12,653.84310688,266766,264921,1845,NA,NA,1,NA,NA,NA,NA,NA,NA,NA,NA,2,2,2,2,NA,500,741778.8,1937.25,NA,NA,743716.05,45.07,16.17
5400,1,NA,NA,NA,12,1,80,1,2,2,100,100,NA,NA,NA,NA,NA,NA,NA,NA,NA,NA,NA,NA,NA,NA,NA,NA,2,0,1,0,2,NA,NA,459,3440,21,12,1879.4560061,130973,130973,NA,NA,NA,1,NA,NA,NA,NA,NA,NA,NA,NA,2,2,2,2,NA,150,366724.4,NA,NA,NA,366724.4,67.91,24.25
19000,1,NA,NA,NA,12,1,98,32,1,2,100,100,2,2,2,1,2,1,2,NA,NA,NA,NA,NA,NA,3,1,1,19,2,3,1,4,1,1,314,3337,21,12,657.71092576,1044993,1044993,NA,NA,NA,1,NA,NA,NA,NA,NA,NA,3,2,2,2,2,2,NA,450,2925980.4,NA,NA,NA,2925980.4,154,55
14000,2,NA,NA,NA,12,1,80,10,1,2,100,NA,2,2,2,2,1,2,2,NA,NA,NA,NA,NA,NA,NA,NA,NA,2,2,1,0,NA,NA,1,4955,1080,21,12,1851.6697201,861339,75061,786278,NA,NA,1,NA,NA,NA,NA,NA,NA,NA,NA,2,2,2,2,NA,600,210170.8,825591.9,NA,NA,1035762.7,73.98,61.52
2700,1,NA,NA,NA,12,1,4,1,1,2,100,100,2,2,2,2,1,2,2,NA,NA,NA,NA,NA,NA,NA,NA,NA,0,0,NA,0,NA,NA,NA,3728,1647,21,12,1791.3103533,17746,17746,NA,NA,NA,1,NA,NA,NA,NA,NA,NA,3,1,2,2,2,2,NA,90,49688.8,NA,NA,NA,49688.8,18.4,6.57
16000,1,NA,NA,NA,12,1,20,19,1,2,100,100,2,2,2,2,1,2,2,NA,NA,NA,NA,NA,NA,NA,NA,NA,4,0,4,0,2,NA,1,5118,919,21,12,918.02992474,349733,175380,174353,NA,NA,1,NA,NA,NA,NA,NA,NA,NA,NA,2,2,2,2,NA,1500,491064,183070.65,NA,NA,674134.65,42.13,21.86
24500,4,NA,NA,NA,12,1,100,8,2,2,75,25,NA,NA,NA,NA,NA,NA,NA,NA,NA,NA,NA,NA,NA,1,NA,NA,7,1,7,0,2,NA,1,4216,1081,21,12,276.95327433,1117854,185104,932750,NA,NA,1,NA,NA,NA,NA,NA,NA,NA,NA,2,2,2,2,NA,150,518291.2,979387.5,NA,NA,1497678.7,61.13,45.63
1200,1,NA,NA,NA,12,1,6,1,2,2,100,100,NA,NA,NA,NA,NA,NA,NA,NA,NA,NA,NA,NA,NA,NA,NA,NA,0,0,NA,0,1,NA,NA,1847,1977,21,12,1807.4628666,24693,24693,NA,NA,NA,1,NA,NA,NA,NA,NA,NA,2,1,2,2,2,2,NA,24,69140.4,NA,NA,NA,69140.4,57.62,20.58
13500,1,NA,NA,NA,12,1,20,19,1,2,100,100,2,2,2,2,1,2,2,NA,NA,NA,NA,NA,NA,NA,NA,NA,4,0,4,0,2,NA,1,4620,733,21,12,918.02992474,431523,141755,289768,NA,NA,1,NA,NA,NA,NA,NA,NA,NA,NA,2,2,2,2,NA,1250,396914,304256.4,NA,NA,701170.4,51.94,31.96
8100,1,NA,NA,NA,12,1,16,1,2,2,100,100,NA,NA,NA,NA,NA,NA,NA,NA,NA,NA,NA,NA,NA,NA,NA,NA,0,0,NA,0,NA,NA,NA,4472,1135,21,12,751.72654486,501719,43339,458380,NA,NA,1,NA,NA,NA,NA,NA,NA,NA,NA,2,2,2,2,NA,300,121349.2,481299,NA,NA,602648.2,74.4,61.94
18250,2,NA,NA,NA,12,1,20,19,1,2,100,100,2,2,2,2,1,2,2,NA,NA,NA,NA,NA,NA,NA,NA,NA,3,0,3,0,2,NA,1,2397,1545,21,12,639.7223438,368863,163350,205513,NA,NA,1,NA,NA,NA,NA,NA,NA,NA,NA,2,2,2,2,NA,800,457380,215788.65,NA,NA,673168.65,36.89,20.21
1200,1,NA,NA,NA,12,1,2,1,2,2,100,100,NA,NA,NA,NA,NA,NA,NA,NA,NA,NA,NA,NA,NA,NA,NA,NA,0,0,NA,0,NA,NA,NA,3239,1607,21,12,1807.4628666,14498,14498,NA,NA,NA,1,NA,NA,NA,NA,NA,NA,NA,NA,2,2,2,2,NA,150,40594.4,NA,NA,NA,40594.4,33.83,12.08
13500,1,NA,NA,NA,12,1,20,9,1,2,100,100,2,2,2,2,1,2,2,NA,NA,NA,NA,NA,NA,NA,NA,NA,3,0,3,0,2,NA,1,336,3159,21,12,1162.262962,248806,248806,NA,NA,NA,1,NA,NA,NA,NA,NA,NA,NA,NA,2,2,2,2,NA,1000,696656.8,NA,NA,NA,696656.8,51.6,18.43
5400,1,NA,NA,NA,12,1,4,1,1,2,100,NA,2,2,2,2,1,2,2,NA,NA,NA,NA,NA,NA,NA,NA,NA,0,0,NA,0,NA,NA,NA,4094,1292,21,12,1851.6697201,166143,54623,111520,NA,NA,1,NA,NA,NA,NA,NA,NA,NA,NA,2,2,2,2,NA,100,152944.4,117096,NA,NA,270040.4,50.01,30.77
5000,1,NA,NA,NA,12,1,6,1,1,2,100,50,2,2,2,1,2,2,2,NA,NA,NA,NA,NA,NA,NA,NA,NA,1,0,1,0,2,NA,1,4765,1474,21,12,1879.4560061,643988,146863,497125,NA,NA,1,NA,NA,NA,NA,NA,NA,NA,NA,2,2,2,2,NA,150,411216.4,521981.25,NA,NA,933197.65,186.64,128.8
110000,4,1,NA,NA,12,1,26,3,1,2,70,70,2,2,1,2,2,2,2,NA,NA,NA,NA,NA,NA,2,NA,NA,3,1,4,0,1,NA,NA,1706,2403,21,12,178.39372759,2888379,1641261,1247118,NA,NA,1,NA,NA,NA,NA,NA,NA,NA,NA,2,2,2,2,NA,1250,4595530.8,1309473.9,NA,NA,5905004.7,53.68,26.26
3400,3,NA,NA,NA,12,1,70,4,2,2,65,65,NA,NA,NA,NA,NA,NA,NA,NA,NA,NA,NA,NA,NA,NA,NA,NA,0,1,1,0,2,NA,NA,2810,1506,21,12,941.81790866,193877,193877,NA,NA,NA,1,NA,NA,NA,NA,NA,NA,NA,NA,2,2,2,2,NA,250,542855.6,NA,NA,NA,542855.6,159.66,57.02
8000,1,NA,NA,NA,12,1,45,1,1,2,100,100,2,2,2,2,2,1,2,NA,NA,NA,NA,NA,NA,1,NA,NA,0,6,2,1,1,NA,1,1971,2530,21,12,1879.4560061,170975,103837,67138,NA,NA,1,NA,NA,NA,NA,NA,NA,NA,NA,2,2,2,2,NA,150,290743.6,70494.9,NA,NA,361238.5,45.15,21.37
4250,1,NA,NA,NA,12,1,3,1,1,2,100,60,2,2,2,2,1,2,2,NA,NA,NA,NA,NA,NA,NA,NA,NA,0,0,NA,0,NA,NA,NA,2385,3029,21,12,1807.4628666,53966,12863,41103,NA,NA,1,NA,NA,NA,NA,NA,NA,NA,NA,2,2,2,2,NA,100,36016.4,43158.15,NA,NA,79174.55,18.63,12.7
18500,1,NA,NA,NA,12,1,40,5,1,2,100,100,2,2,2,2,1,2,2,NA,NA,NA,NA,NA,NA,NA,NA,1,10,4,2,2,NA,NA,1,2720,1639,21,12,48.841044419,1770933,689968,1080965,NA,NA,1,NA,NA,NA,NA,NA,NA,NA,NA,2,2,2,2,NA,300,1931910.4,1135013.25,NA,NA,3066923.65,165.78,95.73
39500,1,NA,NA,NA,12,1,50,5,2,2,98,50,NA,NA,NA,NA,NA,NA,NA,NA,NA,NA,NA,1,NA,NA,1,1,4,2,7,0,NA,NA,1,5838,675,21,12,403.26234933,3311633,753233,2558400,NA,NA,1,NA,NA,NA,NA,NA,NA,NA,NA,2,2,2,2,NA,150,2109052.4,2686320,NA,NA,4795372.4,121.4,83.84
3300,2,NA,NA,NA,12,1,3,1,1,2,100,100,2,2,2,2,1,2,2,NA,NA,NA,NA,NA,NA,1,NA,NA,1,1,0,0,NA,NA,NA,4715,1075,21,12,1879.4560061,31837,14719,17118,NA,NA,1,NA,NA,NA,NA,NA,NA,NA,NA,2,2,2,2,NA,100,41213.2,17973.9,NA,NA,59187.1,17.94,9.65
14500,1,NA,NA,NA,12,1,84,20,1,2,100,NA,2,2,2,2,1,2,2,NA,NA,NA,NA,NA,NA,NA,NA,NA,0,0,NA,0,1,NA,NA,5904,883,21,12,276.95327433,587803,99903,487900,NA,NA,1,NA,NA,NA,NA,NA,NA,NA,NA,2,2,2,2,NA,450,279728.4,512295,NA,NA,792023.4,54.62,40.54
4000,1,NA,NA,NA,12,1,25,5,2,2,100,100,NA,NA,NA,NA,NA,NA,NA,NA,NA,NA,NA,NA,NA,NA,NA,NA,0,1,1,0,NA,NA,NA,1949,1946,21,12,1807.4628666,666351,36386,629965,NA,NA,1,NA,NA,NA,NA,NA,NA,NA,NA,2,2,2,2,NA,250,101880.8,661463.25,NA,NA,763344.05,190.84,166.59
18500,2,1,NA,NA,12,1,10,2,1,2,100,NA,2,2,2,2,1,2,2,NA,NA,NA,NA,NA,NA,NA,1,NA,0,0,NA,0,NA,NA,1,4897,1188,21,12,178.39372759,2535697,196852,2338845,NA,NA,1,NA,NA,NA,NA,NA,NA,NA,NA,2,2,2,2,NA,700,551185.6,2455787.25,NA,NA,3006972.85,162.54,137.06
51000,2,NA,NA,NA,12,1,65,15,1,2,100,25,2,2,2,1,1,1,2,NA,NA,NA,NA,NA,NA,NA,NA,NA,12,0,6,1,3,NA,1,5776,902,21,12,276.95327433,2791604,486735,85178,2219691,NA,1,NA,NA,NA,NA,NA,NA,2,1,2,2,2,2,NA,700,1362858,89436.9,2241887.91,NA,3694182.81,72.43,54.74
31000,1,NA,NA,NA,12,1,55,17,1,2,100,100,2,2,2,1,2,1,2,NA,NA,NA,NA,NA,NA,1,NA,NA,4,2,3,0,9,NA,2,7355,879,21,12,1461.8570616,251574,251574,NA,NA,NA,1,NA,NA,NA,NA,NA,NA,NA,NA,2,2,2,2,NA,400,704407.2,NA,NA,NA,704407.2,22.72,8.12
3200,4,NA,NA,NA,12,1,23,1,1,2,66,66,2,2,2,2,1,2,2,NA,NA,NA,NA,NA,NA,NA,NA,NA,2,0,3,0,1,NA,NA,3321,2279,21,12,1274.2560839,91943,30340,61603,NA,NA,1,NA,NA,NA,NA,NA,NA,NA,NA,2,2,2,2,NA,30,84952,64683.15,NA,NA,149635.15,46.76,28.73
2000,2,NA,NA,NA,12,1,3,3,2,2,100,95,NA,NA,NA,NA,NA,NA,NA,NA,NA,NA,NA,NA,NA,NA,NA,NA,0,0,NA,0,1,NA,NA,6872,632,21,12,1868.403437,136087,12369,123718,NA,NA,1,NA,NA,NA,NA,NA,NA,NA,NA,2,2,2,2,NA,100,34633.2,129903.9,NA,NA,164537.1,82.27,68.04
19250,2,NA,NA,NA,12,1,84,20,1,2,100,100,1,2,2,2,2,2,2,NA,NA,NA,NA,NA,NA,NA,1,NA,20,10,10,0,NA,NA,2,5814,871,21,12,605.11988636,880805,553215,327590,NA,NA,1,NA,NA,NA,NA,NA,NA,NA,NA,2,2,2,2,NA,350,1549002,343969.5,NA,NA,1892971.5,98.34,45.76
8100,1,NA,NA,NA,12,1,24,1,1,2,50,80,2,2,2,1,1,1,2,NA,NA,NA,NA,NA,NA,NA,NA,NA,4,2,2,0,4,NA,NA,1441,2144,21,12,1828.0523467,180713,180713,NA,NA,NA,1,NA,NA,NA,NA,NA,NA,NA,NA,2,2,2,2,NA,300,505996.4,NA,NA,NA,505996.4,62.47,22.31
13750,2,NA,NA,NA,12,1,31,2,1,2,100,100,2,2,2,2,1,2,2,NA,NA,NA,NA,NA,NA,NA,NA,1,4,0,3,0,1,NA,1,2740,2389,21,12,918.02992474,690148,255753,434395,NA,NA,1,NA,NA,NA,NA,NA,NA,NA,NA,2,2,2,2,NA,300,716108.4,456114.75,NA,NA,1172223.15,85.25,50.19
13000,2,NA,NA,NA,12,1,70,2,1,2,75,80,1,2,1,1,2,1,2,NA,NA,NA,NA,NA,NA,NA,NA,NA,9,4,4,1,4,NA,1,1027,1605,21,12,751.72654486,197078,121228,75850,NA,NA,1,NA,NA,NA,NA,NA,NA,NA,NA,2,2,2,2,NA,225,339438.4,79642.5,NA,NA,419080.9,32.24,15.16
28000,2,NA,NA,NA,12,1,40,2,1,2,100,50,2,2,2,1,2,2,2,NA,NA,NA,NA,NA,NA,2,NA,NA,3,0,2,0,1,NA,1,4427,909,21,12,1145.0798138,629912,113927,515985,NA,NA,1,NA,NA,NA,NA,NA,NA,NA,NA,2,2,2,2,NA,400,318995.6,541784.25,NA,NA,860779.85,30.74,22.5
8000,1,NA,NA,NA,12,1,20,5,1,2,100,100,2,2,2,2,1,1,2,NA,NA,NA,NA,NA,NA,NA,NA,NA,7,3,3,0,5,NA,NA,1490,3318,21,12,1834.9655411,121846,121846,NA,NA,NA,1,NA,NA,NA,NA,NA,NA,NA,NA,2,2,2,2,NA,100,341168.8,NA,NA,NA,341168.8,42.65,15.23
80000,2,2,NA,NA,12,1,50,90,1,2,100,75,2,2,2,2,1,2,2,NA,NA,NA,NA,1,NA,NA,3,1,67,4,1,1,13,1,3,4386,1139,21,12,177.34464265,6974433,6686715,287718,NA,NA,1,NA,NA,NA,NA,NA,NA,NA,NA,2,2,2,2,NA,300,18722802,302103.9,NA,NA,19024905.9,237.81,87.18
14000,3,1,NA,NA,12,1,30,2,1,2,100,100,2,2,2,1,2,2,2,NA,NA,NA,NA,NA,NA,1,NA,NA,1,2,1,0,NA,NA,2,5583,1051,21,12,148.05541634,1135075,224977,910098,NA,NA,1,NA,NA,NA,NA,NA,NA,NA,NA,2,2,2,2,NA,300,629935.6,955602.9,NA,NA,1585538.5,113.25,81.08
13250,3,NA,NA,NA,12,1,35,1,2,2,100,100,NA,NA,NA,NA,NA,NA,NA,NA,NA,NA,NA,NA,NA,NA,NA,NA,4,1,2,0,3,NA,NA,6621,804,21,12,178.39372759,404438,99910,304528,NA,NA,1,NA,NA,NA,NA,NA,NA,NA,NA,2,2,2,2,NA,200,279748,319754.4,NA,NA,599502.4,45.25,30.52
15000,1,NA,NA,NA,12,1,20,1,2,2,100,100,NA,NA,NA,NA,NA,NA,NA,NA,NA,NA,NA,NA,NA,NA,NA,NA,0,0,NA,0,NA,NA,NA,1270,635,21,12,1031.3463294,245173,245173,NA,NA,NA,1,NA,NA,NA,NA,NA,NA,NA,NA,2,2,2,2,NA,500,686484.4,NA,NA,NA,686484.4,45.77,16.34
4800,2,NA,NA,NA,12,1,18,2,2,2,67,67,NA,NA,NA,NA,NA,NA,NA,NA,NA,NA,NA,NA,NA,NA,NA,NA,1,0,0,0,2,NA,1,1214,1359,21,12,1667.7551609,31246,14231,17015,NA,NA,1,NA,NA,NA,NA,NA,NA,NA,NA,2,2,2,2,NA,200,39846.8,17865.75,NA,NA,57712.55,12.02,6.51
2550,1,NA,NA,NA,12,1,5,1,2,2,50,50,NA,NA,NA,NA,NA,NA,NA,NA,NA,NA,NA,NA,NA,NA,NA,NA,0,0,NA,0,NA,NA,NA,6193,220,21,12,1667.7551609,161648,23683,137965,NA,NA,1,NA,NA,NA,NA,NA,NA,NA,NA,2,2,2,2,NA,60,66312.4,144863.25,NA,NA,211175.65,82.81,63.39
5000,2,NA,NA,NA,12,1,15,5,2,2,75,75,NA,NA,NA,NA,NA,NA,NA,NA,NA,NA,NA,NA,NA,NA,NA,NA,1,1,1,0,2,NA,NA,3309,1466,21,12,1522.9817889,31152,31152,NA,NA,NA,1,NA,NA,NA,NA,NA,NA,NA,NA,2,2,2,2,NA,125,87225.6,NA,NA,NA,87225.6,17.45,6.23
8700,1,NA,NA,NA,12,1,40,4,1,2,100,100,2,2,2,1,2,2,2,NA,NA,NA,NA,NA,NA,2,NA,1,6,1,3,0,3,NA,1,2221,2506,21,12,1807.4628666,265361,128421,136940,NA,NA,1,NA,NA,NA,NA,NA,NA,NA,NA,2,2,2,2,NA,300,359578.8,143787,NA,NA,503365.8,57.86,30.5
8500,2,NA,NA,NA,12,1,50,5,1,2,100,100,2,2,2,1,1,2,2,NA,NA,NA,NA,NA,NA,NA,NA,NA,3,15,1,0,4,NA,1,4712,1120,21,12,1155.42801,244004,210896,33108,NA,NA,1,NA,NA,NA,NA,NA,NA,NA,NA,2,2,2,2,NA,125,590508.8,34763.4,NA,NA,625272.2,73.56,28.71
3200,2,NA,NA,NA,12,1,12,1,1,2,100,100,2,2,2,1,2,2,2,NA,NA,NA,NA,NA,NA,NA,NA,NA,0,0,NA,0,1,NA,NA,3717,1741,21,12,1484.5150471,274292,23577,250715,NA,NA,1,NA,NA,NA,NA,NA,NA,NA,NA,2,2,2,2,2,200,66015.6,263250.75,NA,NA,329266.35,102.9,85.72
16000,2,NA,NA,NA,12,1,20,19,1,2,100,100,2,2,2,2,1,2,2,NA,NA,NA,NA,NA,NA,NA,NA,NA,3,0,3,0,2,NA,1,6097,664,21,12,583.6267448,719830,177605,542225,NA,NA,1,NA,NA,NA,NA,NA,NA,NA,NA,2,2,2,2,NA,800,497294,569336.25,NA,NA,1066630.25,66.66,44.99
5300,1,NA,NA,NA,12,1,30,2,1,2,100,15,2,2,2,2,1,2,2,NA,NA,NA,NA,NA,NA,NA,NA,NA,2,2,2,0,NA,NA,NA,2234,564,21,12,1522.9817889,343775,30227,313548,NA,NA,2,11,17,18,25,10,65,NA,NA,2,2,2,2,NA,100,84635.6,329225.4,NA,NA,413861,78.09,64.86
6000,2,NA,NA,NA,12,1,3,1,1,2,100,100,2,2,2,2,1,2,2,NA,NA,NA,NA,NA,NA,NA,NA,NA,0,0,NA,0,NA,NA,NA,2994,1661,21,12,1387.0765871,40977,11457,29520,NA,NA,1,NA,NA,NA,NA,NA,NA,NA,NA,2,2,2,2,NA,125,32079.6,30996,NA,NA,63075.6,10.51,6.83
5000,1,NA,NA,NA,12,2,40,4,2,2,100,NA,NA,NA,NA,NA,NA,NA,NA,NA,NA,NA,NA,NA,NA,NA,NA,NA,0,0,NA,0,NA,NA,NA,647,2385,21,12,1667.7551609,92936,92936,NA,NA,NA,1,NA,NA,NA,NA,NA,NA,NA,NA,2,2,2,2,NA,30,260220.8,NA,NA,NA,260220.8,52.04,18.59
24000,1,NA,NA,NA,12,1,20,19,1,2,100,100,2,2,2,2,1,2,2,NA,NA,NA,NA,NA,NA,NA,NA,NA,4,0,4,0,2,NA,1,4470,1405,21,12,519.50232556,1371180,374880,996300,NA,NA,1,NA,NA,NA,NA,NA,NA,NA,NA,2,2,2,2,NA,1500,1049664,1046115,NA,NA,2095779,87.32,57.13
3000,1,NA,NA,NA,12,1,4,2,1,2,100,100,2,2,2,2,1,2,2,NA,NA,NA,NA,NA,NA,NA,NA,NA,0,0,NA,0,1,NA,NA,3342,1394,21,12,1387.0765871,26211,8991,17220,NA,NA,1,NA,NA,NA,NA,NA,NA,NA,NA,2,2,2,2,NA,150,25174.8,18081,NA,NA,43255.8,14.42,8.74
6500,1,NA,NA,NA,12,1,7,5,2,2,100,100,NA,NA,NA,NA,NA,NA,NA,NA,NA,NA,NA,NA,NA,NA,NA,NA,2,1,0,0,2,NA,NA,1167,3327,21,12,1451.6174232,750246,319336,430910,NA,NA,1,NA,NA,NA,NA,NA,NA,NA,NA,2,2,2,2,NA,200,894140.8,452455.5,NA,NA,1346596.3,207.17,115.42
5000,1,NA,NA,NA,12,1,27,1,1,2,30,30,2,2,2,2,1,2,2,NA,NA,NA,NA,NA,NA,NA,NA,NA,0,0,NA,0,1,NA,NA,1255,3391,21,12,1868.403437,127368,91800,35568,NA,NA,1,NA,NA,NA,NA,NA,NA,NA,NA,2,2,2,2,NA,200,257040,37346.4,NA,NA,294386.4,58.88,25.47
5000,2,NA,NA,NA,12,1,34,5,1,2,100,100,2,2,2,2,1,2,2,NA,NA,NA,NA,NA,NA,NA,NA,NA,4,2,6,1,5,NA,NA,6351,756,21,12,1559.8286174,298231,214898,83333,NA,NA,1,NA,NA,NA,NA,NA,NA,NA,NA,2,2,2,2,NA,225,601714.4,87499.65,NA,NA,689214.05,137.84,59.65
96000,2,1,NA,NA,12,1,56,14,1,2,100,100,2,2,2,2,1,2,2,NA,NA,NA,NA,NA,NA,3,NA,1,15,4,5,1,1,NA,NA,3260,2212,21,12,251.43274881,3530886,3024946,505940,NA,NA,1,NA,NA,NA,NA,NA,NA,NA,NA,2,2,2,2,NA,1250,8469848.8,531237,NA,NA,9001085.8,93.76,36.78
29000,2,NA,NA,NA,12,1,50,12,1,1,60,100,2,2,1,2,2,2,2,NA,NA,NA,NA,NA,NA,1,NA,1,12,0,8,1,4,5,4,2025,1925,21,12,632.51710677,1510109,1279074,231035,NA,NA,1,NA,NA,NA,NA,NA,NA,NA,NA,2,2,2,2,NA,1500,3581407.2,242586.75,NA,NA,3823993.95,131.86,52.07
19250,3,NA,NA,NA,12,1,20,20,2,2,100,50,NA,NA,NA,NA,NA,NA,NA,NA,NA,NA,NA,NA,NA,NA,NA,NA,3,2,4,0,1,NA,1,4264,1174,21,12,82.01777401,1384189,294101,1090088,NA,NA,1,NA,NA,NA,NA,NA,NA,NA,NA,2,2,2,2,NA,500,823482.8,1144592.4,NA,NA,1968075.2,102.24,71.91
