"btype","exp","dependent","model","interaction","transform","obs","rank","coef","R.2","Adj.R.2","mse","rmse","mae","mape","nrmse_iqr","nrmse_range","nrmse_mean"
"office","E1","SOURCE_EUI","Reg",1,"meanCent",628,7,7,0.199,0.191,14663.462,121.093,76.829,0.678,94.298,10.9,68.902
"office","E1","SOURCE_EUI","Reg",1,"meanCent_logDV",628,7,7,0.235,0.227,16268.599,127.548,76.902,0.573,0,0,0
"office","E1","SOURCE_ENERGY","Reg",1,"meanCent",628,7,7,0.665,0.662,19403030068049.8,4404887.066,1798946.626,1.296,91.421,5.102,108.764
"office","E1","SOURCE_ENERGY","Reg",1,"meanCent_logDV",628,7,7,0.582,0.578,607217641372872,24641786.489,6571600.598,1.153,0,0,0
"office","E2","SOURCE_EUI","RegInt",2,"meanCent",628,22,22,0.231,0.204,14404.903,120.02,76.411,0.669,93.463,10.804,68.292
"office","E2","SOURCE_EUI","RegInt",2,"meanCent_logDV",628,22,22,0.268,0.242,16194.667,127.258,77.017,0.558,0,0,0
"office","E2","SOURCE_ENERGY","RegInt",2,"meanCent",628,22,22,0.744,0.735,13968248558407.4,3737412.013,1571919.003,0.703,77.568,4.329,92.283
"office","E2","SOURCE_ENERGY","RegInt",2,"meanCent_logDV",628,22,22,0.604,0.59,2215581284827274,47069961.598,8697486.026,1.101,0,0,0
"office","E2","SOURCE_EUI","RegInt",3,"meanCent",628,42,42,0.263,0.212,14175.874,119.062,75.766,0.669,92.717,10.717,67.747
"office","E2","SOURCE_EUI","RegInt",3,"meanCent_logDV",628,42,42,0.286,0.236,16004.033,126.507,76.782,0.553,0,0,0
"office","E2","SOURCE_ENERGY","RegInt",3,"meanCent",628,42,42,0.759,0.742,11733101712674.2,3425361.545,1545050.396,0.716,71.092,3.967,84.578
"office","E2","SOURCE_ENERGY","RegInt",3,"meanCent_logDV",628,42,42,0.615,0.588,101892133039718848,319205471.507,19747620.477,1.223,0,0,0
"office","E2","SOURCE_EUI","RegInt",4,"meanCent",628,57,57,0.29,0.22,15166.918,123.154,76.648,0.678,95.903,11.086,70.075
"office","E2","SOURCE_EUI","RegInt",4,"meanCent_logDV",628,57,57,0.299,0.23,18720.33,136.822,78.906,0.56,0,0,0
"office","E2","SOURCE_ENERGY","RegInt",4,"meanCent",628,57,57,0.78,0.758,9612173537752.34,3100350.551,1465597.12,0.761,64.346,3.591,76.553
"office","E2","SOURCE_ENERGY","RegInt",4,"meanCent_logDV",628,57,57,0.623,0.586,2035614568460002,45117785.5,8059408.706,1.104,0,0,0
"office","E2","SOURCE_EUI","RegInt",5,"meanCent",628,63,63,0.305,0.229,15061.223,122.724,75.819,0.666,95.568,11.047,69.83
"office","E2","SOURCE_EUI","RegInt",5,"meanCent_logDV",628,63,63,0.315,0.24,17943.544,133.954,78.305,0.552,0,0,0
"office","E2","SOURCE_ENERGY","RegInt",5,"meanCent",628,63,63,0.782,0.758,9438226185380.96,3072169.622,1461917.526,0.743,63.762,3.558,75.857
"office","E2","SOURCE_ENERGY","RegInt",5,"meanCent_logDV",628,63,63,0.631,0.59,2475552598717868,49754925.371,7577896.01,1.074,0,0,0
"office","E2","SOURCE_EUI","RegInt",6,"meanCent",628,64,64,0.306,0.228,15067.813,122.751,75.856,0.667,95.589,11.049,69.846
"office","E2","SOURCE_EUI","RegInt",6,"meanCent_logDV",628,64,64,0.315,0.239,17924.189,133.881,78.265,0.552,0,0,0
"office","E2","SOURCE_ENERGY","RegInt",6,"meanCent",628,64,64,0.782,0.757,9436466680306.79,3071883.247,1459930.368,0.746,63.756,3.558,75.85
"office","E2","SOURCE_ENERGY","RegInt",6,"meanCent_logDV",628,64,64,0.632,0.591,2477010870466431,49769577.761,7562798.899,1.069,0,0,0
"office","E3a","SOURCE_EUI","rpart",1,"meanCent",628,0,0,0,0.002,17658.89,132.887,86.868,0.806,103.482,11.962,75.613
"office","E3a","SOURCE_EUI","rpart",1,"meanCent_logDV",628,7,7,0.144,0.136,18622.474,136.464,84.656,0.579,0,0,0
"office","E3a","SOURCE_ENERGY","rpart",1,"meanCent",628,7,7,0.794,0.792,15111285040533.4,3887323.635,1558605.534,0.586,80.68,4.502,95.985
"office","E3a","SOURCE_ENERGY","rpart",1,"meanCent_logDV",628,7,7,0.741,0.739,16825089453021.5,4101839.764,1498978.784,0.473,0,0,0
"office","E3b","SOURCE_EUI","xgboost",1,"meanCent",628,6,6,0.244,0.238,14354.263,119.809,75.802,0.643,93.298,10.785,68.172
"office","E3b","SOURCE_EUI","xgboost",1,"meanCent_logDV",628,7,7,0,-0.01,46286.505,215.143,170.908,0.954,0,0,0
"office","E3b","SOURCE_ENERGY","xgboost",1,"meanCent",628,7,7,0.876,0.875,5425856746751.72,2329346.85,1205673.516,0.706,48.345,2.698,57.516
"office","E3b","SOURCE_ENERGY","xgboost",1,"meanCent_logDV",628,6,6,0,-0.008,64408149111792.7,8025468.778,4049926.215,1,0,0,0
"retail","E1","SOURCE_EUI","Reg",1,"meanCent",179,9,9,0.776,0.766,6910.967,83.132,59.508,0.387,53.415,11.734,38.899
"retail","E1","SOURCE_EUI","Reg",1,"meanCent_logDV",179,9,9,0.648,0.631,10446.259,102.207,69.701,0.383,0,0,0
"retail","E1","SOURCE_ENERGY","Reg",1,"meanCent",179,9,9,0.866,0.86,59363941911727.2,7704799.927,4416239.516,0.838,35.247,6.482,50.873
"retail","E1","SOURCE_ENERGY","Reg",1,"meanCent_logDV",179,9,9,0.764,0.753,8.74680631805483e+21,93524362163.315,7020619857.396,60.582,0,0,0
"retail","E2","SOURCE_EUI","RegInt",2,"meanCent",179,35,37,0.824,0.783,5277.196,72.644,54.353,0.381,46.676,10.254,33.991
"retail","E2","SOURCE_EUI","RegInt",2,"meanCent_logDV",179,35,37,0.712,0.644,6904.517,83.093,59.346,0.341,0,0,0
"retail","E2","SOURCE_ENERGY","RegInt",2,"meanCent",179,35,37,0.939,0.925,47112345246445.5,6863843.329,3184466.87,0.404,31.4,5.775,45.32
"retail","E2","SOURCE_ENERGY","RegInt",2,"meanCent_logDV",179,35,37,0.837,0.799,20461814357379940,143044798.428,24344287.045,0.726,0,0,0
"retail","E2","SOURCE_EUI","RegInt",3,"meanCent",179,69,93,0.876,0.799,3553.439,59.611,39.841,0.321,38.302,8.414,27.893
"retail","E2","SOURCE_EUI","RegInt",3,"meanCent_logDV",179,69,93,0.77,0.627,4096.338,64.003,41.464,0.287,0,0,0
"retail","E2","SOURCE_ENERGY","RegInt",3,"meanCent",179,69,93,0.962,0.939,41526279726864.9,6444088.743,2508465.835,0.407,29.48,5.421,42.549
"retail","E2","SOURCE_ENERGY","RegInt",3,"meanCent_logDV",179,69,93,0.879,0.804,15483710644643260,124433559.158,14984352.235,0.49,0,0,0
"retail","E2","SOURCE_EUI","RegInt",4,"meanCent",179,84,163,0.884,0.782,3397.248,58.286,38.558,0.318,37.45,8.227,27.273
"retail","E2","SOURCE_EUI","RegInt",4,"meanCent_logDV",179,84,163,0.785,0.598,3601.661,60.014,38.656,0.273,0,0,0
"retail","E2","SOURCE_ENERGY","RegInt",4,"meanCent",179,84,163,0.968,0.94,38395037286892.6,6196372.914,2295504.684,0.384,28.347,5.213,40.913
"retail","E2","SOURCE_ENERGY","RegInt",4,"meanCent_logDV",179,84,163,0.897,0.807,2471339892743868,49712572.783,7903820.139,0.379,0,0,0
"retail","E2","SOURCE_EUI","RegInt",5,"meanCent",179,90,219,0.886,0.772,3132.525,55.969,36.851,0.308,35.962,7.9,26.189
"retail","E2","SOURCE_EUI","RegInt",5,"meanCent_logDV",179,90,219,0.792,0.584,3251.508,57.022,37.333,0.261,0,0,0
"retail","E2","SOURCE_ENERGY","RegInt",5,"meanCent",179,90,219,0.974,0.948,32196545412352.5,5674199.98,2020320.032,0.379,25.958,4.774,37.465
"retail","E2","SOURCE_ENERGY","RegInt",5,"meanCent_logDV",179,90,219,0.902,0.803,2065480640436532,45447559.235,7158927.07,0.355,0,0,0
"retail","E2","SOURCE_EUI","RegInt",6,"meanCent",179,91,247,0.886,0.769,3135.993,56,36.964,0.308,35.982,7.904,26.203
"retail","E2","SOURCE_EUI","RegInt",6,"meanCent_logDV",179,91,247,0.792,0.579,3247.16,56.984,37.235,0.26,0,0,0
"retail","E2","SOURCE_ENERGY","RegInt",6,"meanCent",179,91,247,0.974,0.947,32223894252026.3,5676609.398,2021816.6,0.378,25.969,4.776,37.481
"retail","E2","SOURCE_ENERGY","RegInt",6,"meanCent_logDV",179,91,247,0.902,0.801,2231965712133414,47243684.362,7260728.989,0.356,0,0,0
"retail","E2","SOURCE_EUI","RegInt",7,"meanCent",179,91,255,0.886,0.769,3135.993,56,36.964,0.308,35.982,7.904,26.203
"retail","E2","SOURCE_EUI","RegInt",7,"meanCent_logDV",179,91,255,0.792,0.579,3247.16,56.984,37.235,0.26,0,0,0
"retail","E2","SOURCE_ENERGY","RegInt",7,"meanCent",179,91,255,0.974,0.947,32223894252026.3,5676609.398,2021816.6,0.378,25.969,4.776,37.481
"retail","E2","SOURCE_ENERGY","RegInt",7,"meanCent_logDV",179,91,255,0.902,0.801,2231965712133414,47243684.362,7260728.989,0.356,0,0,0
"retail","E2","SOURCE_EUI","RegInt",8,"meanCent",179,91,256,0.886,0.769,3135.993,56,36.964,0.308,35.982,7.904,26.203
"retail","E2","SOURCE_EUI","RegInt",8,"meanCent_logDV",179,91,256,0.792,0.579,3247.16,56.984,37.235,0.26,0,0,0
"retail","E2","SOURCE_ENERGY","RegInt",8,"meanCent",179,91,256,0.974,0.947,32223894252026.3,5676609.398,2021816.6,0.378,25.969,4.776,37.481
"retail","E2","SOURCE_ENERGY","RegInt",8,"meanCent_logDV",179,91,256,0.902,0.801,2231965712133414,47243684.362,7260728.989,0.356,0,0,0
"retail","E3a","SOURCE_EUI","rpart",1,"meanCent",179,8,8,0.701,0.688,8506.904,92.233,67.848,0.494,59.262,13.019,43.157
"retail","E3a","SOURCE_EUI","rpart",1,"meanCent_logDV",179,9,9,0.734,0.722,8120.559,90.114,62.965,0.368,0,0,0
"retail","E3a","SOURCE_ENERGY","rpart",1,"meanCent",179,9,9,0.899,0.894,116987995218915,10816098.891,4534213.045,0.447,49.481,9.1,71.416
"retail","E3a","SOURCE_ENERGY","rpart",1,"meanCent_logDV",179,9,9,0.906,0.901,109432062812195,10460978.1,4382917.038,0.386,0,0,0
"retail","E3b","SOURCE_EUI","xgboost",1,"meanCent",179,9,9,0.825,0.817,5570.28,74.634,53.023,0.353,47.955,10.535,34.922
"retail","E3b","SOURCE_EUI","xgboost",1,"meanCent_logDV",179,9,9,0,-0.047,65904.497,256.719,208.6,0.964,0,0,0
"retail","E3b","SOURCE_ENERGY","xgboost",1,"meanCent",179,6,6,0.92,0.918,41425154868241,6436237.633,3605451.326,0.521,29.444,5.415,42.497
"retail","E3b","SOURCE_ENERGY","xgboost",1,"meanCent_logDV",179,8,8,0,-0.041,635607433909683,25211256.095,15145225.663,1,0,0,0
"k12school","E1","SOURCE_EUI","Reg",1,"meanCent",333,8,8,0.168,0.15,1602.909,40.036,31.4,0.32,72.647,18.523,34.935
"k12school","E1","SOURCE_EUI","Reg",1,"meanCent_logDV",333,8,8,0.169,0.151,1646.745,40.58,31.198,0.299,0,0,0
"k12school","E1","SOURCE_ENERGY","Reg",1,"meanCent",333,8,8,0.821,0.817,36001169102348,6000097.424,3594345.117,0.421,50.462,6.29,46.155
"k12school","E1","SOURCE_ENERGY","Reg",1,"meanCent_logDV",333,8,8,0.669,0.662,2132028081531888,46173889.608,11590995.806,0.573,0,0,0
"k12school","E2","SOURCE_EUI","RegInt",2,"meanCent",333,29,29,0.238,0.168,1562.212,39.525,31.267,0.311,71.72,18.287,34.489
"k12school","E2","SOURCE_EUI","RegInt",2,"meanCent_logDV",333,29,29,0.262,0.194,1680.415,40.993,31.457,0.292,0,0,0
"k12school","E2","SOURCE_ENERGY","RegInt",2,"meanCent",333,29,29,0.845,0.831,31951161597646.3,5652535.855,3457551.825,0.361,47.539,5.925,43.482
"k12school","E2","SOURCE_ENERGY","RegInt",2,"meanCent_logDV",333,29,29,0.802,0.784,1507337502196218,38824444.648,7932453.197,0.453,0,0,0
"k12school","E2","SOURCE_EUI","RegInt",3,"meanCent",333,64,64,0.397,0.256,1380.918,37.161,29.248,0.291,67.431,17.193,32.426
"k12school","E2","SOURCE_EUI","RegInt",3,"meanCent_logDV",333,64,64,0.423,0.287,1425.027,37.75,28.809,0.267,0,0,0
"k12school","E2","SOURCE_ENERGY","RegInt",3,"meanCent",333,64,64,0.872,0.841,26888813043307.4,5185442.415,3121463.957,0.321,43.61,5.436,39.889
"k12school","E2","SOURCE_ENERGY","RegInt",3,"meanCent_logDV",333,64,64,0.887,0.861,73787725393105.5,8589978.195,4602649.421,0.344,0,0,0
"k12school","E2","SOURCE_EUI","RegInt",4,"meanCent",333,98,99,0.526,0.331,1289.252,35.906,26.273,0.265,65.153,16.612,31.331
"k12school","E2","SOURCE_EUI","RegInt",4,"meanCent_logDV",333,98,99,0.531,0.338,1353.221,36.786,26.096,0.246,0,0,0
"k12school","E2","SOURCE_ENERGY","RegInt",4,"meanCent",333,98,99,0.892,0.847,25083478731767,5008340.916,2946131.7,0.287,42.121,5.25,38.526
"k12school","E2","SOURCE_ENERGY","RegInt",4,"meanCent_logDV",333,98,99,0.919,0.885,54586854155433.8,7388291.694,3792539.244,0.296,0,0,0
"k12school","E2","SOURCE_EUI","RegInt",5,"meanCent",333,105,120,0.568,0.371,1118.008,33.437,24.435,0.247,60.673,15.47,29.177
"k12school","E2","SOURCE_EUI","RegInt",5,"meanCent_logDV",333,105,120,0.577,0.384,1158.09,34.031,23.917,0.225,0,0,0
"k12school","E2","SOURCE_ENERGY","RegInt",5,"meanCent",333,105,120,0.907,0.865,22054351217120.1,4696206.045,2776455.888,0.267,39.496,4.923,36.125
"k12school","E2","SOURCE_ENERGY","RegInt",5,"meanCent_logDV",333,105,120,0.928,0.896,49190019491762.3,7013559.688,3569526.941,0.274,0,0,0
"k12school","E2","SOURCE_EUI","RegInt",6,"meanCent",333,106,127,0.568,0.368,1111.52,33.339,24.413,0.246,60.495,15.425,29.091
"k12school","E2","SOURCE_EUI","RegInt",6,"meanCent_logDV",333,106,127,0.578,0.383,1140.083,33.765,23.702,0.223,0,0,0
"k12school","E2","SOURCE_ENERGY","RegInt",6,"meanCent",333,106,127,0.907,0.865,21580186406398.4,4645447.923,2775798.771,0.267,39.069,4.87,35.735
"k12school","E2","SOURCE_ENERGY","RegInt",6,"meanCent_logDV",333,106,127,0.929,0.896,46473465447303.1,6817144.963,3523264.93,0.272,0,0,0
"k12school","E2","SOURCE_EUI","RegInt",7,"meanCent",333,106,128,0.568,0.368,1111.52,33.339,24.413,0.246,60.495,15.425,29.091
"k12school","E2","SOURCE_EUI","RegInt",7,"meanCent_logDV",333,106,128,0.578,0.383,1140.083,33.765,23.702,0.223,0,0,0
"k12school","E2","SOURCE_ENERGY","RegInt",7,"meanCent",333,106,128,0.907,0.865,21580186406398.4,4645447.923,2775798.771,0.267,39.069,4.87,35.735
"k12school","E2","SOURCE_ENERGY","RegInt",7,"meanCent_logDV",333,106,128,0.929,0.896,46473465447303.1,6817144.963,3523264.93,0.272,0,0,0
"k12school","E3a","SOURCE_EUI","rpart",1,"meanCent",333,0,0,0,0.003,1803.922,42.473,33.521,0.353,77.069,19.651,37.062
"k12school","E3a","SOURCE_EUI","rpart",1,"meanCent_logDV",333,0,0,0,0.003,1874.773,43.299,33.124,0.322,0,0,0
"k12school","E3a","SOURCE_ENERGY","rpart",1,"meanCent",333,10,10,0.839,0.834,33599828494890.9,5796535.905,3600006.153,0.462,48.75,6.076,44.589
"k12school","E3a","SOURCE_ENERGY","rpart",1,"meanCent_logDV",333,10,10,0.879,0.876,27577008410230.5,5251381.572,3025893.764,0.258,0,0,0
"k12school","E3b","SOURCE_EUI","xgboost",1,"meanCent",333,7,7,0.238,0.224,1439.718,37.944,30.044,0.314,68.851,17.555,33.11
"k12school","E3b","SOURCE_EUI","xgboost",1,"meanCent_logDV",333,7,7,0,-0.018,13939.223,118.064,110.187,0.953,0,0,0
"k12school","E3b","SOURCE_ENERGY","xgboost",1,"meanCent",333,7,7,0.859,0.857,26681313613082.6,5165395.785,3241803.124,0.423,43.442,5.415,39.734
"k12school","E3b","SOURCE_ENERGY","xgboost",1,"meanCent_logDV",333,7,7,0,-0.018,358083707394177,18923099.836,13385567.452,1,0,0,0
"warehouse","E1","SOURCE_EUI","Reg",1,"meanCent",420,7,7,0.354,0.345,3235.39,56.88,37.001,1.026,92.835,12.125,76.12
"warehouse","E1","SOURCE_EUI","Reg",1,"meanCent_logDV",420,7,7,0.321,0.311,3715.921,60.958,36.265,0.786,0,0,0
"warehouse","E1","SOURCE_ENERGY","Reg",1,"meanCent",420,7,7,0.515,0.508,144029282608859,12001220.047,5802406.758,2.031,134.828,8.403,137.286
"warehouse","E1","SOURCE_ENERGY","Reg",1,"meanCent_logDV",420,7,7,0.444,0.436,14708423853734647808,3835156301.083,416169057.302,10.119,0,0,0
"warehouse","E2","SOURCE_EUI","RegInt",2,"meanCent",420,22,22,0.43,0.4,2926.718,54.099,35.517,0.927,88.296,11.532,72.398
"warehouse","E2","SOURCE_EUI","RegInt",2,"meanCent_logDV",420,22,22,0.385,0.352,5416,73.593,38.6,0.75,0,0,0
"warehouse","E2","SOURCE_ENERGY","RegInt",2,"meanCent",420,22,22,0.716,0.702,98988591279446.7,9949301.045,4465793.387,1.396,111.776,6.966,113.814
"warehouse","E2","SOURCE_ENERGY","RegInt",2,"meanCent_logDV",420,22,22,0.546,0.522,1.26335055694282e+20,11239886818.571,932707071.993,38.325,0,0,0
"warehouse","E2","SOURCE_EUI","RegInt",3,"meanCent",420,42,42,0.477,0.42,2940.348,54.225,35.767,0.902,88.502,11.559,72.567
"warehouse","E2","SOURCE_EUI","RegInt",3,"meanCent_logDV",420,42,42,0.428,0.366,3140.45,56.04,35.392,0.724,0,0,0
"warehouse","E2","SOURCE_ENERGY","RegInt",3,"meanCent",420,42,42,0.812,0.791,77038870382118.6,8777178.954,4016845.488,1.02,98.607,6.146,100.405
"warehouse","E2","SOURCE_ENERGY","RegInt",3,"meanCent_logDV",420,42,42,0.587,0.542,1.28171034769747e+20,11321264716,624208997.596,13.801,0,0,0
"warehouse","E2","SOURCE_EUI","RegInt",4,"meanCent",420,57,57,0.494,0.416,2740.884,52.353,34.85,0.868,85.446,11.16,70.062
"warehouse","E2","SOURCE_EUI","RegInt",4,"meanCent_logDV",420,57,57,0.447,0.361,3159.764,56.212,34.121,0.678,0,0,0
"warehouse","E2","SOURCE_ENERGY","RegInt",4,"meanCent",420,57,57,0.846,0.822,71067014352638.5,8430125.406,3770239.166,0.94,94.708,5.903,96.435
"warehouse","E2","SOURCE_ENERGY","RegInt",4,"meanCent_logDV",420,57,57,0.608,0.547,6.5821668034952e+20,25655733868.855,1315576430.699,27.052,0,0,0
"warehouse","E2","SOURCE_EUI","RegInt",5,"meanCent",420,63,63,0.505,0.419,2737.05,52.317,34.753,0.85,85.388,11.152,70.014
"warehouse","E2","SOURCE_EUI","RegInt",5,"meanCent_logDV",420,63,63,0.46,0.366,3221.443,56.758,35.525,0.697,0,0,0
"warehouse","E2","SOURCE_ENERGY","RegInt",5,"meanCent",420,63,63,0.85,0.824,71562021809553.6,8459433.894,3807177.01,0.921,95.038,5.923,96.77
"warehouse","E2","SOURCE_ENERGY","RegInt",5,"meanCent_logDV",420,63,63,0.613,0.546,5.61956728715508e+20,23705626520.206,1255539899.982,26.551,0,0,0
"warehouse","E2","SOURCE_EUI","RegInt",6,"meanCent",420,64,64,0.505,0.418,2740.466,52.349,34.678,0.849,85.44,11.159,70.056
"warehouse","E2","SOURCE_EUI","RegInt",6,"meanCent_logDV",420,64,64,0.46,0.364,3234.046,56.869,35.553,0.697,0,0,0
"warehouse","E2","SOURCE_ENERGY","RegInt",6,"meanCent",420,64,64,0.852,0.825,72082752583116.4,8490156.217,3810986.472,0.915,95.383,5.945,97.122
"warehouse","E2","SOURCE_ENERGY","RegInt",6,"meanCent_logDV",420,64,64,0.614,0.546,5.12069373019362e+20,22628949887.685,1192719090.771,25.128,0,0,0
"warehouse","E3a","SOURCE_EUI","rpart",1,"meanCent",420,6,6,0.35,0.342,3310.089,57.533,38.368,1.121,93.901,12.264,76.994
"warehouse","E3a","SOURCE_EUI","rpart",1,"meanCent_logDV",420,6,6,0.147,0.137,4305.361,65.615,39.19,0.852,0,0,0
"warehouse","E3a","SOURCE_ENERGY","rpart",1,"meanCent",420,6,6,0.795,0.793,113642809468780,10660338.15,4486765.246,0.846,119.764,7.464,121.947
"warehouse","E3a","SOURCE_ENERGY","rpart",1,"meanCent_logDV",420,6,6,0.685,0.681,92977126627790.3,9642464.759,4045735.122,0.574,0,0,0
"warehouse","E3b","SOURCE_EUI","xgboost",1,"meanCent",420,6,6,0.425,0.418,3034.433,55.086,35.623,0.991,89.907,11.742,73.719
"warehouse","E3b","SOURCE_EUI","xgboost",1,"meanCent_logDV",420,6,6,0,-0.012,9219.75,96.02,70.721,0.893,0,0,0
"warehouse","E3b","SOURCE_ENERGY","xgboost",1,"meanCent",420,6,6,0.976,0.976,12313628954760.1,3509078.078,1755012.747,0.565,39.423,2.457,40.142
"warehouse","E3b","SOURCE_ENERGY","xgboost",1,"meanCent_logDV",420,6,6,0,-0.012,347788702309951,18649093.874,8741736.045,1,0,0,0
"hotel","E1","SOURCE_EUI","Reg",1,"meanCent",104,8,8,0.54,0.507,3218.719,56.734,44.22,0.25,51.437,17.712,30.777
"hotel","E1","SOURCE_EUI","Reg",1,"meanCent_logDV",104,8,8,0.534,0.5,3758.745,61.309,46.403,0.248,0,0,0
"hotel","E1","SOURCE_ENERGY","Reg",1,"meanCent",104,8,8,0.896,0.888,183674576201346,13552659.377,9300485.937,0.368,28.081,9.319,33.02
"hotel","E1","SOURCE_ENERGY","Reg",1,"meanCent_logDV",104,8,8,0.785,0.77,73263954106579184,270673149.955,67467671.742,0.869,0,0,0
"hotel","E2","SOURCE_EUI","RegInt",2,"meanCent",104,29,29,0.663,0.537,2738.546,52.331,40.028,0.226,47.445,16.337,28.388
"hotel","E2","SOURCE_EUI","RegInt",2,"meanCent_logDV",104,29,29,0.678,0.557,3192.75,56.504,42.178,0.226,0,0,0
"hotel","E2","SOURCE_ENERGY","RegInt",2,"meanCent",104,29,29,0.953,0.935,127509219902540,11291998.047,7490974.231,0.231,23.397,7.764,27.512
"hotel","E2","SOURCE_ENERGY","RegInt",2,"meanCent_logDV",104,29,29,0.916,0.885,4150358934583136,64423279.446,24693749.918,0.446,0,0,0
"hotel","E2","SOURCE_EUI","RegInt",3,"meanCent",104,64,64,0.85,0.613,2069.056,45.487,30.456,0.182,41.24,14.2,24.676
"hotel","E2","SOURCE_EUI","RegInt",3,"meanCent_logDV",104,64,64,0.847,0.606,2540.717,50.406,32.782,0.181,0,0,0
"hotel","E2","SOURCE_ENERGY","RegInt",3,"meanCent",104,64,64,0.973,0.931,69652768155349.8,8345823.396,4916744.166,0.164,17.293,5.738,20.334
"hotel","E2","SOURCE_ENERGY","RegInt",3,"meanCent_logDV",104,64,64,0.98,0.95,485924164101614,22043687.625,11351790.448,0.226,0,0,0
"hotel","E2","SOURCE_EUI","RegInt",4,"meanCent",104,99,99,0.991,0.814,220.029,14.833,7.222,0.038,13.448,4.631,8.047
"hotel","E2","SOURCE_EUI","RegInt",4,"meanCent_logDV",104,99,99,0.993,0.851,273.291,16.532,7.768,0.038,0,0,0
"hotel","E2","SOURCE_ENERGY","RegInt",4,"meanCent",104,99,99,0.997,0.937,9440469622870.95,3072534.723,1502250.338,0.031,6.366,2.113,7.486
"hotel","E2","SOURCE_ENERGY","RegInt",4,"meanCent_logDV",104,99,99,0.998,0.968,66570473119271.8,8159073.055,3771609.074,0.059,0,0,0
"hotel","E2","SOURCE_EUI","RegInt",5,"meanCent",104,104,120,1,NA,0,0,0,0,0,0,0
"hotel","E2","SOURCE_EUI","RegInt",5,"meanCent_logDV",104,104,120,1,NA,0,0,0,0,0,0,0
"hotel","E2","SOURCE_ENERGY","RegInt",5,"meanCent",104,104,120,1,NA,0,0,0,0,0,0,0
"hotel","E2","SOURCE_ENERGY","RegInt",5,"meanCent_logDV",104,104,120,1,NA,0,0,0,0,0,0,0
"hotel","E2","SOURCE_EUI","RegInt",6,"meanCent",104,104,127,1,NA,0,0,0,0,0,0,0
"hotel","E2","SOURCE_EUI","RegInt",6,"meanCent_logDV",104,104,127,1,NA,0,0,0,0,0,0,0
"hotel","E2","SOURCE_ENERGY","RegInt",6,"meanCent",104,104,127,1,NA,0,0,0,0,0,0,0
"hotel","E2","SOURCE_ENERGY","RegInt",6,"meanCent_logDV",104,104,127,1,NA,0,0,0,0,0,0,0
"hotel","E2","SOURCE_EUI","RegInt",7,"meanCent",104,104,128,1,NA,0,0,0,0,0,0,0
"hotel","E2","SOURCE_EUI","RegInt",7,"meanCent_logDV",104,104,128,1,NA,0,0,0,0,0,0,0
"hotel","E2","SOURCE_ENERGY","RegInt",7,"meanCent",104,104,128,1,NA,0,0,0,0,0,0,0
"hotel","E2","SOURCE_ENERGY","RegInt",7,"meanCent_logDV",104,104,128,1,NA,0,0,0,0,0,0,0
"hotel","E3a","SOURCE_EUI","rpart",1,"meanCent",104,8,8,0.455,0.415,3576.167,59.801,44.909,0.262,54.218,18.669,32.441
"hotel","E3a","SOURCE_EUI","rpart",1,"meanCent_logDV",104,7,7,0.316,0.273,4059.582,63.715,50.039,0.284,0,0,0
"hotel","E3a","SOURCE_ENERGY","rpart",1,"meanCent",104,8,8,0.869,0.859,287749862656426,16963191.405,11491994.041,0.419,35.148,11.664,41.329
"hotel","E3a","SOURCE_ENERGY","rpart",1,"meanCent_logDV",104,8,8,0.9,0.892,209752293853449,14482827.55,9830722.089,0.304,0,0,0
"hotel","E3b","SOURCE_EUI","xgboost",1,"meanCent",104,8,8,0.857,0.847,1443.925,37.999,27.245,0.158,34.451,11.863,20.614
"hotel","E3b","SOURCE_EUI","xgboost",1,"meanCent_logDV",104,7,7,0,-0.062,36968.601,192.272,179.26,0.969,0,0,0
"hotel","E3b","SOURCE_ENERGY","xgboost",1,"meanCent",104,7,7,0.944,0.94,135324353342282,11632899.61,7721067.374,0.263,24.103,7.999,28.342
"hotel","E3b","SOURCE_ENERGY","xgboost",1,"meanCent_logDV",104,8,8,0,-0.073,3021662845863836,54969653.863,41044262.183,1,0,0,0
"worship","E1","SOURCE_EUI","Reg",1,"meanCent",249,6,6,0.162,0.145,1907.432,43.674,32.482,0.687,76.273,19.198,61.487
"worship","E1","SOURCE_EUI","Reg",1,"meanCent_logDV",249,6,6,0.183,0.166,2102.562,45.854,31.565,0.553,0,0,0
"worship","E1","SOURCE_ENERGY","Reg",1,"meanCent",249,6,6,0.714,0.708,1924859795642.54,1387393.165,658508.238,0.832,110.9,7.303,95.402
"worship","E1","SOURCE_ENERGY","Reg",1,"meanCent_logDV",249,6,6,0.559,0.55,88752343782769.6,9420846.235,1924988.433,0.868,0,0,0
"worship","E2","SOURCE_EUI","RegInt",2,"meanCent",249,16,16,0.203,0.151,1808.331,42.524,31.776,0.667,74.265,18.693,59.868
"worship","E2","SOURCE_EUI","RegInt",2,"meanCent_logDV",249,16,16,0.22,0.17,2056.203,45.345,31.746,0.541,0,0,0
"worship","E2","SOURCE_ENERGY","RegInt",2,"meanCent",249,16,16,0.806,0.793,1629285797468.21,1276434.8,575211.943,0.691,102.031,6.719,87.772
"worship","E2","SOURCE_ENERGY","RegInt",2,"meanCent_logDV",249,16,16,0.688,0.668,111907091746818,10578614.831,1589822.286,0.73,0,0,0
"worship","E2","SOURCE_EUI","RegInt",3,"meanCent",249,26,26,0.228,0.142,1743.865,41.76,31.191,0.655,72.93,18.357,58.792
"worship","E2","SOURCE_EUI","RegInt",3,"meanCent_logDV",249,26,26,0.241,0.156,1991.324,44.624,31.367,0.536,0,0,0
"worship","E2","SOURCE_ENERGY","RegInt",3,"meanCent",249,26,26,0.818,0.797,1551239977425.97,1245487.847,566291.192,0.672,99.557,6.556,85.644
"worship","E2","SOURCE_ENERGY","RegInt",3,"meanCent_logDV",249,26,26,0.701,0.668,45710543652443.2,6760957.303,1324354.218,0.685,0,0,0
"worship","E2","SOURCE_EUI","RegInt",4,"meanCent",249,31,31,0.235,0.13,1717.705,41.445,30.869,0.649,72.38,18.218,58.349
"worship","E2","SOURCE_EUI","RegInt",4,"meanCent_logDV",249,31,31,0.248,0.145,1951.156,44.172,30.941,0.527,0,0,0
"worship","E2","SOURCE_ENERGY","RegInt",4,"meanCent",249,31,31,0.821,0.797,1521525808178.92,1233501.442,558468.811,0.653,98.599,6.493,84.82
"worship","E2","SOURCE_ENERGY","RegInt",4,"meanCent_logDV",249,31,31,0.704,0.663,31690851918180,5629462.845,1263471.877,0.662,0,0,0
"worship","E2","SOURCE_EUI","RegInt",5,"meanCent",249,32,32,0.239,0.131,1708.83,41.338,30.761,0.65,72.194,18.171,58.198
"worship","E2","SOURCE_EUI","RegInt",5,"meanCent_logDV",249,32,32,0.252,0.146,1903.362,43.628,30.56,0.524,0,0,0
"worship","E2","SOURCE_ENERGY","RegInt",5,"meanCent",249,32,32,0.822,0.796,1523798839398.19,1234422.472,558680.343,0.656,98.672,6.498,84.883
"worship","E2","SOURCE_ENERGY","RegInt",5,"meanCent_logDV",249,32,32,0.709,0.667,31351230940241,5599216.993,1197153.617,0.655,0,0,0
"worship","E3a","SOURCE_EUI","rpart",1,"meanCent",249,5,5,0.193,0.18,1890.407,43.479,32.4,0.713,75.933,19.112,61.212
"worship","E3a","SOURCE_EUI","rpart",1,"meanCent_logDV",249,5,5,0.064,0.049,2318.896,48.155,33.821,0.587,0,0,0
"worship","E3a","SOURCE_ENERGY","rpart",1,"meanCent",249,5,5,0.728,0.723,1777828600271.37,1333352.392,609727.511,0.839,106.58,7.018,91.686
"worship","E3a","SOURCE_ENERGY","rpart",1,"meanCent_logDV",249,5,5,0.595,0.588,2226851175578.98,1492263.775,658810.447,0.545,0,0,0
"worship","E3b","SOURCE_EUI","xgboost",1,"meanCent",249,5,5,0.268,0.256,1533.401,39.159,29.226,0.588,68.388,17.214,55.13
"worship","E3b","SOURCE_EUI","xgboost",1,"meanCent_logDV",249,5,5,0,-0.016,6725.733,82.011,67.028,0.913,0,0,0
"worship","E3b","SOURCE_ENERGY","xgboost",1,"meanCent",249,5,5,0.793,0.79,1491594381455.44,1221308.471,559876.875,0.783,97.624,6.429,83.982
"worship","E3b","SOURCE_ENERGY","xgboost",1,"meanCent_logDV",249,5,5,0,-0.016,8397180139455.18,2897788.836,1454242.529,1,0,0,0
"multifamily","E1","SOURCE_EUI","Reg",1,"meanCent",319,7,7,0.235,0.22,1277.454,35.741,27.542,0.249,71.197,14.654,27.237
"multifamily","E1","SOURCE_EUI","Reg",1,"meanCent_logDV",319,7,7,0.268,0.254,1310.295,36.198,27.449,0.238,0,0,0
"multifamily","E1","SOURCE_ENERGY","Reg",1,"meanCent",319,7,7,0.918,0.917,60760020255594.1,7794871.407,4203115.708,0.298,56.518,5.353,43.605
"multifamily","E1","SOURCE_ENERGY","Reg",1,"meanCent_logDV",319,7,7,0.665,0.659,12316292835781632,110978794.532,13998013.818,0.431,0,0,0
"multifamily","E2","SOURCE_EUI","RegInt",2,"meanCent",319,22,22,0.32,0.272,1161.925,34.087,25.973,0.236,67.902,13.976,25.977
"multifamily","E2","SOURCE_EUI","RegInt",2,"meanCent_logDV",319,22,22,0.356,0.311,1167.79,34.173,25.796,0.226,0,0,0
"multifamily","E2","SOURCE_ENERGY","RegInt",2,"meanCent",319,22,22,0.944,0.94,44541661544054.3,6673953.966,3672219.691,0.254,48.391,4.584,37.335
"multifamily","E2","SOURCE_ENERGY","RegInt",2,"meanCent_logDV",319,22,22,0.803,0.789,5748020324090868,75815699.72,12097478.748,0.378,0,0,0
"multifamily","E2","SOURCE_EUI","RegInt",3,"meanCent",319,42,42,0.387,0.297,1097.746,33.132,25.501,0.234,66,13.584,25.249
"multifamily","E2","SOURCE_EUI","RegInt",3,"meanCent_logDV",319,42,42,0.419,0.333,1098.374,33.142,25.342,0.219,0,0,0
"multifamily","E2","SOURCE_ENERGY","RegInt",3,"meanCent",319,42,42,0.95,0.943,41111393472693.3,6411816.706,3509281.151,0.248,46.49,4.404,35.868
"multifamily","E2","SOURCE_ENERGY","RegInt",3,"meanCent_logDV",319,42,42,0.86,0.839,2592806657065159,50919609.75,8930583.528,0.314,0,0,0
"multifamily","E2","SOURCE_EUI","RegInt",4,"meanCent",319,57,57,0.441,0.321,1027.518,32.055,24.689,0.224,63.855,13.143,24.428
"multifamily","E2","SOURCE_EUI","RegInt",4,"meanCent_logDV",319,57,57,0.479,0.367,1023.515,31.992,24.569,0.21,0,0,0
"multifamily","E2","SOURCE_ENERGY","RegInt",4,"meanCent",319,57,57,0.96,0.951,39676189743388.6,6298903.853,3335976.359,0.228,45.671,4.326,35.237
"multifamily","E2","SOURCE_ENERGY","RegInt",4,"meanCent_logDV",319,57,57,0.884,0.859,3514304096508333,59281566.245,8618321.81,0.291,0,0,0
"multifamily","E2","SOURCE_EUI","RegInt",5,"meanCent",319,63,63,0.461,0.33,998.95,31.606,24.201,0.214,62.96,12.959,24.086
"multifamily","E2","SOURCE_EUI","RegInt",5,"meanCent_logDV",319,63,63,0.508,0.389,982.8,31.35,23.868,0.199,0,0,0
"multifamily","E2","SOURCE_ENERGY","RegInt",5,"meanCent",319,63,63,0.963,0.954,35623465232356,5968539.623,3185549.057,0.218,43.276,4.099,33.388
"multifamily","E2","SOURCE_ENERGY","RegInt",5,"meanCent_logDV",319,63,63,0.888,0.861,2952788411183623,54339565.799,8181250.196,0.284,0,0,0
"multifamily","E2","SOURCE_EUI","RegInt",6,"meanCent",319,64,64,0.461,0.328,992.054,31.497,24.113,0.213,62.743,12.914,24.003
"multifamily","E2","SOURCE_EUI","RegInt",6,"meanCent_logDV",319,64,64,0.508,0.386,981.825,31.334,23.86,0.199,0,0,0
"multifamily","E2","SOURCE_ENERGY","RegInt",6,"meanCent",319,64,64,0.963,0.954,35508952762943.2,5958938.896,3181773.814,0.218,43.206,4.093,33.335
"multifamily","E2","SOURCE_ENERGY","RegInt",6,"meanCent_logDV",319,64,64,0.888,0.861,2634994565654714,51332198.138,7957829.106,0.283,0,0,0
"multifamily","E3a","SOURCE_EUI","rpart",1,"meanCent",319,7,7,0.22,0.205,1377.232,37.111,28.4,0.269,73.926,15.216,28.281
"multifamily","E3a","SOURCE_EUI","rpart",1,"meanCent_logDV",319,5,5,0.163,0.153,1396.13,37.365,28.923,0.256,0,0,0
"multifamily","E3a","SOURCE_ENERGY","rpart",1,"meanCent",319,7,7,0.905,0.903,63290809514360,7955552.119,3744312.589,0.221,57.683,5.464,44.504
"multifamily","E3a","SOURCE_ENERGY","rpart",1,"meanCent_logDV",319,7,7,0.779,0.775,82658409608412.6,9091667.042,4552317.513,0.264,0,0,0
"multifamily","E3b","SOURCE_EUI","xgboost",1,"meanCent",319,6,6,0.297,0.286,1107.71,33.282,25.365,0.234,66.299,13.646,25.363
"multifamily","E3b","SOURCE_EUI","xgboost",1,"meanCent_logDV",319,6,6,0,-0.016,17552.904,132.487,126.393,0.959,0,0,0
"multifamily","E3b","SOURCE_ENERGY","xgboost",1,"meanCent",319,7,7,0.984,0.984,14961694569048.2,3868034.975,2149007.295,0.172,28.046,2.657,21.638
"multifamily","E3b","SOURCE_ENERGY","xgboost",1,"meanCent_logDV",319,6,6,0,-0.016,733490516821033,27083030.052,17876033.167,1,0,0,0
